id,source,text
1,dom:div,"為你推薦
新串文
搜尋
動態
個人檔案
洞察報告
已儲存
動態消息
編輯
追蹤中
附帶原始貼文的回覆內容
更多"
2,dom:div,"diluvchan
吳是溫
2025-5-17
吳是溫是真歐巴………….超暈
1
/
2
17
1
3
tsung730
2026-5-20
東吳大學中文素養
到底為什麼這麼有創意
55
15
ushinep_tune23
2024-11-9
吳是溫是把吃過的給用紙嗎….
1
/
2
148
3
3
6
annawu_24
2024-3-15
拆前田路附贈吳是溫
賺爛ㄌ（對我的日專現在才到）
63
2
1
vivianan0115
2024-11-20
正在回覆
@lixiafloral
沒想到會在這看到我大學同學…
41
1
1
lixiafloral
2024-11-20
東吳日文嗎…？🥹
12
2
2
fanyunig
2024-5-27
正在回覆
@fanyunig
國會質詢或調查權制度的完備化，固然是我國國會改革應該推進的事項， 然而各個民主國家的具體法制設計，均有重大差異無法直接移植，若逕以外國法制之表象作為參考倉促立法，或未顧及憲政體制的權力平衡，甚至對於人民與官員基本權利的過度侵害，將造成憲政體制的混亂。在這個台灣民主發展的「憲法時刻」，我們呼籲立法院不要在本週倉促表決，將其退回委員會，讓相關法案能夠在各界充分參與與討論之後，再做周延而完整的立法。倘若立法院仍執意進行三讀程序，我們也呼籲行政院與總統依據憲法之規定行使覆議權，退回立法院重啟審議。
連署人（依姓氏筆畫順序排列）
王毓正（國立成功大學法律學系副教授）
王曉丹（國立政治大學法學院教授）
王韻茹（國立中正大學法律學系教授）
(3/5)
28
1
2
fanyunig
2024-5-27
石忠山（國立東華大學公共行政學系教授兼原住民民族學院院長）
吳明孝（義守大學公共政策與管理學系助理教授）
吳秦雯（國立政治大學法學院副教授）
呂彥彬（國立政治大學法學院副教授）
李玉春（國立中正大學勞工關係學系副教授）
李志峰（東吳大學法律學系教授）
辛年豐（逢甲大學土地管理學系副教授）
周兆昱（國立中正大學法律學系教授）
周欣怡（東海大學法律學系助理教授）
林谷燕（國立空中大學社會科學系林谷燕副教授）
林佳和（國立政治大學法學院副教授）
林倖如（國立臺灣海洋大學海洋法律研究所副教授）
林書楷（東吳大學法律學系教授）
洪令家（國立中正大學法律學系副教授）
洪瑩容（國立中興大學法律系助理教授）
胡博硯（東吳大學法律學系教授）
范耕維（國立東華大學法律學系助理教授）
孫迺翊（國立台灣大學法律學系教授）
徐偉群（中原大學法學院財經法律學系副教授）
徐揮彥（國立東華大學法律學系教授）
翁燕菁（國立政治大學政治系副教授）
張兆恬（國立台灣大學國家發展研究所副教授）
(4/5)
4
/
5
25
1
1
cherishzerofour
2024-8-13
吳是溫……😵‍💫
1
/
2
117
2
10
4"
3,visible:span[dir='auto'],"東吳企管也上了！但我分數不高是不是輸在學測啊……教授你肯定是愛我的吧…
1
/
2"
4,visible:span[dir='auto'],"兩台557
幹來東吳第一次打這麼富裕的仗"
5,visible:span[dir='auto'],有人也是東吳資科的嗎我要來大型認親了
6,visible:span[dir='auto'],"有東吳的學長姐嗎 你們對於東吳的評價是什麼
我很想知道😭"
7,visible:span[dir='auto'],"補一張東吳8人宿照片
1
/
2"
8,visible:span[dir='auto'],"祈禱上東吳資科吧
1
/
2"
9,visible:span[dir='auto'],"美女最多的大學是哪間！
東吳
輔仁
世新
實踐
政大
淡江
文化"
10,visible:span[dir='auto'],"個申一階全上東吳
想問學長姊東吳的校風如何😖😖
因為本人比較純樸、晚上從來沒去過信義區⋯⋯⋯ 希望大學不要有太多愛玩的朋友😭👉👈"
11,visible:span[dir='auto'],今年東吳會計比企管低是什麼意思😌😌
12,visible:span[dir='auto'],"今年東吳ㄉ新生群怎麼一堆怪人啊？
管理員都提醒過很多次了還是聽不懂人話嗎？
現在的高中生都這樣嗎？
這種素質真令人堪憂是不是一代比一代猴？"
13,visible:span[dir='auto'],拜託東吳的分科分數不要再漲了
14,visible:span[dir='auto'],政大資科很多同學都很優秀
15,visible:span[dir='auto'],"還是想去東吳😭
1
/
2"
16,visible:span[dir='auto'],"東吳 你不是私立嗎 好了就好了
太超標了 高6級分 什麼意思💀💀💀
1
/
2"
17,visible:span[dir='auto'],東吳新生群已經玩起了誰是臥底
18,visible:span[dir='auto'],"同學：東吳3.5
1
/
2"
19,visible:span[dir='auto'],"明天東吳資管 一定會正取！🍀
1
/
2"
20,visible:span[dir='auto'],請問東吳有什麼新生群之類的嗎
21,visible:span[dir='auto'],東吳大學，三國時代的學校，東吳
22,visible:span[dir='auto'],有東吳資管的同學嗎！身為東吳的新生有什麼需要注意的嗎
23,visible:span[dir='auto'],"雖然我撕破了 但我還是很開心
繁星上的隔天就收到東吳的錄取通知書了
已經是準大學生了🧑‍🎓
1
/
2"
24,visible:span[dir='auto'],"東吳教室快熱死我了冷氣到底是開幾度
1
/
2"
25,visible:span[dir='auto'],"東吳和輔大到底哪個比較好？
我個人感覺東吳比較有名吧？
為什麼輔大分數這麼高？"
26,visible:span[dir='auto'],東吳企管面完了！！超順喔耶！！
27,visible:span[dir='auto'],"東吳太狠了，民總考四題是什麼鬼⋯
1
/
2"
28,visible:span[dir='auto'],沒看過比東吳更爛的宿舍了
29,visible:span[dir='auto'],"我剛剛被嗆說沒學歷，
對方說他東吳的
東吳是很厲害的學校？？"
30,visible:span[dir='auto'],"有即將加入東吳資科夥伴的學弟妹嗎？
系上學生會準備了群組給學弟妹們提前了解～
有需要都可以加入問問題喔！
資科系上的朋友們都會為你解惑～
附上你們的准考證號碼，小夥伴們審核過後就可以加入了喔！
-
-
-
-
連結底下⬇️
-
您已被邀請加入「115學年資科新生群」！請點選以下連結加入社群！
line.me/ti/g2…"
31,visible:span[dir='auto'],"面試完一間了～（還有兩間
東吳的教授人好好喔！ 進去之後：教授你好，我是某某某
🧑‍🏫：請坐，請用兩分鐘自我介紹一下
我：（笑）不用懷疑我真的笑出來
🧑‍🏫：有什麼好笑的？
我：我沒準備自我介紹
🧑‍🏫：好沒關係，其實自我介紹就是….（開始引導我怎麼自我介紹
超感動的😍"
32,visible:span[dir='auto'],大一新生想來找一下東吳企管的同學～
33,visible:span[dir='auto'],"東吳政治今年的畢業影片來了😬😬
最敢玩主任的要畢業了 明年的學弟妹加油了
今年影片比較長 要幫主任水一下時間 他社恐不想講話
謝謝劉委員 連續兩年為畢典帶來笑聲 讚讚讚
祝福大家畢業快樂🎊
1
/
2"
34,visible:span[dir='auto'],"要上東吳餐飲可不可以認識幾個人
怕去學校尷尬"
35,visible:span[dir='auto'],"東吳法的小編到底是誰
1
/
2"
36,visible:span[dir='auto'],好多朋友東吳跟輔仁都選輔仁 哭了都
37,visible:span[dir='auto'],"每天起床第一件事情就是開東吳App看成績出來了沒，至今還有6科沒出來
1
/
2"
38,visible:span[dir='auto'],"東吳財精沒上😭
東吳經濟比最低高1分
逢甲財精比最低高4分
啊啊啊啊啊
我應該要去分科還是先進去東吳再轉系
東吳財精跟逢甲財精到底哪個比較好
可是今年分科收的人數變少
1
/
2"
39,visible:span[dir='auto'],"蛤 東吳跟輔仁是輔仁比較推喔
😭😭😭❓
1
/
2"
40,visible:span[dir='auto'],"要為了校名去政大還是為了科系去東吳啊…
1
/
2"
41,visible:span[dir='auto'],"幹東吳是只有法律和會計嗎
不在城中校區根本就偏鄉。
有學長姐可以分享真實生活水準嗎
連捷運都沒有我要怎辦。
1
/
2"
42,visible:span[dir='auto'],實踐東吳這麼近喔我今天才知道
43,visible:span[dir='auto'],"有人問為什麼要讀東吳
因為會有學妹在你畢業的時候
送花給你當驚喜啊 好暖心.."
44,visible:span[dir='auto'],想問各位脆友 東吳經濟和逢甲財經怎麼選，我知道如果未來出路一定是東吳，畢竟一個強文科，一個強理科，但東吳經濟很硬，有聽學長姐說過有一點點壓抑，逢甲可能比較開放一點，以我自己來說我想去逢甲，可能是因為比較放鬆，但以長遠來說又是東吳比較好，不知道怎麼辦…
45,visible:span[dir='auto'],"幹幹幹😭💗
東吳心理正取1
東吳法律正取1
1
/
2"
46,visible:span[dir='auto'],"輔大法律系轉學考倒數3天
我今年報考台大、政大、台綜大、東吳、輔仁
輔仁法律系好像不有名
但至少想從花蓮東華轉回西半部讀書
那邊雖然環境很棒 但太偏僻
離家好遠我會想家
有人也是今年115法律系轉學考的備考生嗎
1
/
2"
47,visible:span[dir='auto'],"開學第一週 請問一下學長姐
東吳城中校區附近還有什麼好吃推薦的嗎
謝謝學長姐🙏🏻"
48,visible:span[dir='auto'],"東吳生第一次去輔大：
幹 好大"
49,visible:span[dir='auto'],幹東吳成績出錯，正取變備取
50,visible:span[dir='auto'],有誰也是東吳政治的嗎？
51,visible:span[dir='auto'],我看榜單上只要有填輔仁經濟就會填東吳經濟，你們都把哪個排前面啊，我真的好猶豫，而且這備取也不一定能上🫠
52,visible:span[dir='auto'],"各位脆友們 東吳經濟和逢甲財經要怎麼選啊…
我原本是想要東吳的，但是我有去過兩所學校，我覺得逢甲的環境比較好一點，雖然東吳的經濟可能比較強，但我當時進去感覺氣氛比較壓抑，有點不舒服，6/4就要決定了，請各位脆友們給我一些建議吧🙏"
53,visible:span[dir='auto'],"超扯超扯超扯 笭菁欸
我大東吳還是太厲害了"
54,visible:span[dir='auto'],東吳人你們平常沒課在台北都在幹嘛。
55,visible:span[dir='auto'],"115學測資管系第一階段篩選標準
台大資管：國英數自49
交大資管：英數27
成大資管：國英數38
政大資管：國13英13數11
中山資管：國英數36
中興資管：國英自32，數12
中央資管：英13數10
中正資管：英14數8
彰師資管：國英數B*29英11數B*9
長庚資管：國英數B*29
元智資管：國英數B*27
嘉大資管：國6英9數B*6
東吳資管：國英21
中原資管：國12
東海資管：國10英9
聯合資管：國英數B*24
淡江資管：國10英7數B*7
東華資管：國英數24（資安
東華資管：國英數21（大數據
東華資管：國英數B*18（商務
暨南資管：國英12，英9
屏東資管：國英11數B*8
實踐資管：國自17（人工智慧）
實踐資管：自8（雲端物聯網）
靜宜資管：國8英6
文化資管：國8（商務科技）
文化資管：數B*6（人工智慧）
義守資管：國8
南華資管：國8
銘傳資管：國英14，英8（人工智慧
銘傳資管：數B*6 (巨量資料
銘傳資管：國社14，社9（電商
世新資管：英數B*9
台東資管：國英數B*9"
56,visible:span[dir='auto'],所以學店的定義是什麼 私立都是嗎除了東吳輔大？
57,visible:span[dir='auto'],"想請教各位法律系的學長學姊們
本人第一志願是政大
但以防萬一想問問北大和東吳會比較推薦哪間"
58,visible:span[dir='auto'],"我跟你們講我今天去高院民事庭旁聽 然後有一個法警就問我來開庭嗎 我說不是我來旁聽
法警：對面法律系嗎
我：對！
法警（非常熱情）：東吳法律真的很優秀！
我當下挺尷尬的因為
我是對面東吳大學法律系正隔壁的文化大學法律系⋯^_^
1
/
2"
59,visible:span[dir='auto'],"我不是東吳的學生 但我想送給讀東吳的朋友
東吳大學"
60,visible:span[dir='auto'],"優秀如我大東吳 上課沒位置坐 唯一的位置被佔位
重點我還不是加簽😃
1
/
2"
61,visible:span[dir='auto'],"網路上一直在討論東吳大學要合併台大
我的理想是 東吳+政大+國北教 三間合併
這樣就可以叫「東政教大學」
校長還叫「乾隆」多麼氣派啊😎
1
/
2"
62,visible:span[dir='auto'],"有人能跟我說一下輔仁統資與東吳資管比較推薦哪個呢？我本來是想要輔仁資管但一階沒過🥲不然我就得去分科了，但我數學好爛
1
/
2"
63,visible:span[dir='auto'],東吳中文我國*2英*1加起來137是不是連分科都不用考都可以上😂
64,visible:span[dir='auto'],"東吳企管27/125，輔仁企管25/90
這樣看來東吳企管應該是比較愛我的吧
到底要去哪裡嗚嗚嗚"
65,visible:span[dir='auto'],"東吳會計備73有機會嗎🫩
輔大會計備16唉唉
1
/
2"
66,visible:span[dir='auto'],"東吳經濟
東吳財務工程與精算數學系
輔仁統資
要怎麼選啊啊啊😭
有沒有學長姐能給建議或優缺點"
67,visible:span[dir='auto'],"唉我真的很想認識東吳企管的吧⋯⋯
新生群都很少看到企管的出來講話
我們也沒有系群組😱"
68,visible:span[dir='auto'],東吳和輔大日文要怎麼抉擇？
69,visible:span[dir='auto'],"嘖 東吳樓梯都比帥哥多 東吳大學
1
/
2"
70,visible:span[dir='auto'],"meta.ai
銳評東吳財務工程與精算數學系
1
/
2"
71,visible:span[dir='auto'],明天東吳企管加油😭
72,visible:span[dir='auto'],"雖然昨天就知道了但
耶比東吳正19
東吳我來啦😚🫰"
73,visible:span[dir='auto'],我大學讀國立地名（非偏遠國立地名）應該還是贏東吳輔大中原吧！因為在我們那屆成績比我差的很多讀東吳輔大中原，我分數也能上竹教（今清大）、中正、醫學大學，怕面試沒上所以填國立地名。
74,visible:span[dir='auto'],"到底要選輔仁還是東吳…
雖然論分數好像都不怎麼樣
輔仁好處在於真的很方便 非常方便
學校本身也不錯
東吳根本遠的要命的王國 如果選東吳得考慮租房子又是一筆大開銷 只是輔導老師跟我說社工的東吳口碑好像比輔仁好 東吳還有卡研 只是真的很遠
住宿我能接受 但錢包好像有點難接受"
75,visible:span[dir='auto'],"剛剛搭Uber去醫院複診
是一位大叔吧
問我讀哪間大學
我說東吳
他就震驚 下一句問我什麼系
我回企管系
他就語氣超可惜的那種（臉也看得出是
就跟我說有機會就轉系吧
我？？？？？
還說讀一些對未來沒用的系就是浪費時間+錢
⋯
但後面又跟我說他姪子讀東吳音樂系
就一直狂說他姪子多厲害 東吳音樂系多厲害
我：喔～這麼厲害喔～那真的蠻厲害欸～
乾 東吳企管真的很爛嗎？
雖然我一直靠北東吳是爛大學😗
但我畢竟認真爬文爬幾天
選的企管系 選的東吳欸(;´༎ຶД༎ຶ`)
不用踩得一文不值吧(;´༎ຶД༎ຶ`)"
76,visible:span[dir='auto'],為什麼政大圖書館有東吳的書？
77,visible:span[dir='auto'],"繁星上東吳政治！我也是準大學生了好耶！有沒有人也上東吳政治的？可以來認識一下交個朋友！！！
1
/
2"
78,visible:span[dir='auto'],請問東吳會計、東吳企管、輔大企管，志願序要如何排較好？
79,visible:span[dir='auto'],東吳暑修請三思 一個人繳4700還是會當超過一半的人😌
80,visible:span[dir='auto'],誰是東吳法律原住民備9啊
81,visible:span[dir='auto'],"我考上東吳英文了
學長姐建議我去讀嗎？還是分科？
🥹🙏"
82,visible:span[dir='auto'],想問 東吳有規定大一一定要住宿舍嗎？
83,visible:span[dir='auto'],"本酪數學底標🥑
這樣東吳英文還有希望嗎？😓
1
/
2"
84,visible:span[dir='auto'],"2026 台灣校系錄取排名 (Tier List)
S+ | 頂尖巔峰
* 醫牙： 台大醫/牙、陽明交大醫/牙
* 電資： 台大電機、台大資工
S | 極致精英
* 醫學： 成大/長庚/北醫等各校醫學系
* 電資： 清大電機/資工、陽明交大電子、成大電機
* 法商： 台大法律/財金/會計
A+ | 頂大核心
* 理工： 台大材料/機械、清大動機、成大資工
* 商管： 政大金融/國貿、清大經濟、成大財金
* 藥學： 台大藥學、北醫藥學
A | 傳統強系
* 頂大： 台大外文、政大傳播、成大企管
* 四中： 中央/中興/中山/中正 電資類
* 理工： 清大化學、成大土木/航太
B+ | 中堅力量
* 法商： 北大法律/商管、師大熱門系所
* 理工： 四中機械/化工、私大龍頭電機
* 私大： 輔大法律、長庚生醫、東吳法商
B | 優質選擇
* 國立： 地名大學（高大/嘉大/南大）理工
* 私大： 淡江商管、東海建築、元智資通、逢甲理工"
85,visible:span[dir='auto'],"這樣看得出來我是什麼系的嗎😃
東吳你不想讓我畢業就說 真的"
86,visible:span[dir='auto'],"好好笑的早上，是說東吳會計到底招誰惹誰😅
一早就在我的鍋燒麵裡面添加了火藥味
1
/
2"
87,visible:span[dir='auto'],"東吳成就再解鎖🔓
夜訪鄭成功廟！
1
/
2"
88,visible:span[dir='auto'],"女兒同時上東吳政治與東吳英文怎麼選啊？
1
/
2"
89,visible:span[dir='auto'],"想問 國11 英7 數A9 數B10 社會9 自然9
個申有機會通過東吳財精的一階嗎😭
今年篩選方式好像跟去年不太一樣
求求各位了🙏"
90,visible:span[dir='auto'],"致理面試完ㄌ 星期一東吳😭
然後星期二中科"
91,visible:span[dir='auto'],"東吳真的好多美女 上學真美好
1
/
2"
92,visible:span[dir='auto'],"東吳刑法組正取，母雞卡牛逼
1
/
2"
93,visible:span[dir='auto'],好奇今天在東吳面試的同學們感覺如何
94,visible:span[dir='auto'],"東吳有新生群嗎
繁星上東吳英文了 耶比"
95,visible:span[dir='auto'],"東吳你真的很誇張了
1
/
2"
96,visible:span[dir='auto'],"有點晚發 謝謝東吳政治 我真的很認真準備 緊張了很久
謝謝好結局
1
/
2"
97,visible:span[dir='auto'],"東吳現主時
1
/
2"
98,visible:span[dir='auto'],"天 東吳的宿舍看起來超爛 5人塞一間
還是我試試看搶泉思宿舍 比較遠但看起來不錯
1
/
2"
99,visible:span[dir='auto'],身為東吳歷史系的新生有什麼需要注意的嗎🧐
100,visible:span[dir='auto'],"我的東吳錄取通知書呢。
1
/
2"
101,visible:span[dir='auto'],"東海 東吳 東華 台東 不要再叫自己「東大」了
「東大」他媽的是「東京大學」"
102,visible:span[dir='auto'],"希望明天面試東吳政治能順🙏
1
/
2"
103,visible:span[dir='auto'],"我正在思考要不要先填東吳商學院，再拼轉系或雙主修法律，但轉系要考英文...雙主修系排要很高，輔大看起來要雙法律比較容易（？
但我很多老師推東吳，不管是校風、環境、上榜率等等，而且法商學院的校區在中正，要去買東西什麼的也方便很多
我現在也只有東吳跟輔大可以選了，北大光是英文就一堆不能填"
104,visible:span[dir='auto'],"東吳國貿、中原工工 還有逢甲國貿
報一個跨度有點大 糾結讀什麼比較好
也有考慮大學讀理工 研究所再轉商
但又擔心理工物理讀不好"
105,visible:span[dir='auto'],"東吳政治的教授讓我離開之後拿一包餅乾走
哥們這是安慰獎嗎還是⋯⋯
1
/
2"
106,visible:span[dir='auto'],"東吳企管跟輔大國際溝通與科技創新學位學程在猶豫
前者雖說學的廣而不精但正適合現在還沒有明確方向的我讓我有機會先摸索各大管理學的東西而且成立較久畢業生較多老師說未來出社會人脈很重要
後者成立不久畢業生的樣本數不多但能擇一外語學習結合校內各大選修的性質跟我選擇企管的目的相似
再一個猶豫的點我感覺會比較喜歡輔仁的校園生活但是東吳企管感覺比較有保障
希望學長姐能給我一些建議🙏🥺"
107,visible:span[dir='auto'],"輔大會計好嗎？
我沒上北大和東吳就填輔大了
海大不知道在哪個等級"
108,visible:span[dir='auto'],請問我可以提告東吳推廣部嗎？
109,visible:span[dir='auto'],今天面試東吳法 我感覺三個教授都是白臉 然後還很和善是正確的嗎（？
110,visible:span[dir='auto'],"東吳企管備54
輔大企管正88
😭😭😭😭😭
怎麼選"
111,visible:span[dir='auto'],"東吳哲學將用一袋餅乾俘虜沒吃早餐的我
1
/
2"
112,visible:span[dir='auto'],"可以給點意見嗎
1
/
2"
113,visible:span[dir='auto'],"相信這件事情讓許多考生和家長感到錯愕
身為準備畢業的學生 我還是非常推薦學弟妹就讀東吳政治
也希望各位學弟妹未來可以在東吳政治發光發熱
1
/
2"
114,visible:span[dir='auto'],"想問一下如果要特殊選材
以政治系來說最好的就是東吳了嗎？"
115,visible:span[dir='auto'],"發瘋啦 從東吳經濟備21直接變成備55💔
要我去輔仁可以直接跟我說"
116,visible:span[dir='auto'],"東吳法 中正犯防正取😭😭
謝謝教授 謝謝努力的自己！！"
117,visible:span[dir='auto'],東吳數學系正取，還蠻開心的，但是聽到要八個人幾一間宿舍這是真的嗎？有人可以分享嗎？
118,visible:span[dir='auto'],"機會渺茫 但還是很想上法律系啊😭
東吳還有機會嗎"
119,visible:span[dir='auto'],面試東吳企管的不要緊張！老師人很好 講話也很溫柔 正常發揮就好 問題都是備審裡的
120,visible:span[dir='auto'],"東吳政治系的學長姐和教授人都好好😍
但刮刮樂67有問題"
121,visible:span[dir='auto'],今天東吳新生報到 有人要認識嗎
122,visible:span[dir='auto'],新來的東吳的學弟妹集合！🔥🔥
123,visible:span[dir='auto'],"好了我知足 我有東吳企管就好了真的
球球讓我上吧 小女子給您跪了🙇🏻‍♀️🙇🏻‍♀️"
124,visible:span[dir='auto'],有人上東吳日文系嗎🙋🏿🙋🏿還是有東吳的想交個朋友
125,visible:span[dir='auto'],"要畢業啦！！！
中原財法 🔚
東吳科法 🔛"
126,visible:span[dir='auto'],"睡太晚了
起床直接看到錄取東吳大學
有人也是東吳的嗎？想要找同學😻"
127,visible:span[dir='auto'],東吳政治為什麼剩我沒被海巡到
128,visible:span[dir='auto'],"台大會計：國英數A*39
政大會計：國英數A*社51
成大會計：國英數A*社46
中興會計：國英數A*社43
北大會計：國英數A*社39
中正會計：國11英13
彰師會計：國11英11
東吳會計：國英數B*28
東海會計：國9社12
中原會計：英社19
逢甲會計：英7社10
輔仁會計：英社7，數B*9
實踐會計：國10
亞洲會計：社10
淡江會計：國9
靜宜會計：國9
文化會計：國9
義守會計：國9
長榮會計：國8
屏東會計：英5數B*2
東華會計：英5"
129,visible:span[dir='auto'],"脆上看到好多上東吳的
有東吳二類的同溫層嗎🥹🥹"
130,visible:span[dir='auto'],"東吳日文正取10 企管正取45
爽！"
131,visible:span[dir='auto'],"東吳經濟你真的對我很差😭
從備取80變成備取109
我一直在哭
1
/
2"
132,visible:span[dir='auto'],"誰能想到這次東吳社工考社會住宅反正我沒想到
1
/
2"
133,visible:span[dir='auto'],東吳法律系的同學們請多指教🤚🏻
134,visible:span[dir='auto'],我要進東吳我要進東吳😭
135,visible:span[dir='auto'],"重考第三年 我依舊選擇東吳政治
尤其是沒有張書衫的東吳政治
東吳政治
1
/
2"
136,visible:span[dir='auto'],"東吳政治我把你排第一志願了
所以可以讓我上嗎😭"
137,visible:span[dir='auto'],"東吳企管祝各位都錄取喔…！
同學們面試加油 明天見！！✨🍀
1
/
2"
138,visible:span[dir='auto'],來東吳才知道我寧願測仰臥起坐也不要測捲腹 我寧願測100也不要折返跑
139,visible:span[dir='auto'],"東吳德文正取
1
/
2"
140,visible:span[dir='auto'],"有人知道東吳選外文可以上下學期選同個語言不同課嗎 因為我不想再上早八日文了 謝謝
東吳大學
1
/
2"
141,visible:span[dir='auto'],我發現我學測上得了東吳政治超好笑，浪費時間特選了超搞笑
142,visible:span[dir='auto'],"如果你是東吳化學新鮮人一定要聯絡我們！
有許多第一手的消息需要跟你分享與聯繫～
新生群會回覆你大部分的疑難雜症哦哦哦！"
143,visible:span[dir='auto'],"這禮拜要去面試
東吳經濟跟輔仁統資
想問問學長姐們有沒有之前面試會問的問題😭"
144,visible:span[dir='auto'],有一樣是東吳法律的嗎 我是轉學新生 在這邊都沒有認識的人😔 想找可以一起讀書 中堂一起吃飯的朋友！如果有想一起讀書 吃飯的可以加我ig🥲
145,visible:span[dir='auto'],東吳法面試會問什麼呀我緊張到不行
146,visible:span[dir='auto'],"求放過 每次從東吳停車場走到r棟 想上學的心已歸零
1
/
2"
147,visible:span[dir='auto'],"看到很多學弟妹在問要不要讀東吳
東吳很棒！只是學費很貴
我現在還沒繳完 靠背"
148,visible:span[dir='auto'],沒想到都畢業了還要來東吳再撐一個禮拜的地獄期末週
149,visible:span[dir='auto'],"繁星47%上東吳中文根本奇跡
感謝老天🙏
1
/
2"
150,visible:span[dir='auto'],有東吳社會學的學長姐嗎。我好想知道都在學什麼 還有環境跟系上都是怎樣的
151,visible:span[dir='auto'],聽說今天繁星放榜！有沒有上東吳的朋朋！
152,visible:span[dir='auto'],東吳國貿也變太高了吧原本以為22可以上 結果今年24🤡
153,visible:span[dir='auto'],"愛東吳 上課都沒這麼頻繁去學校
1
/
2"
154,visible:span[dir='auto'],"應該要去考分科了
東吳或北大會計
但如果上了北大會計
我爸說不要想一月重考了。
東吳課業我應該沒辦法同時顧兩邊
所以我這輩子沒台大了
幹我就這樣。"
155,visible:span[dir='auto'],想問問大家東吳法律跟中正財法要怎麼選擇 困擾一陣子了😖 本身是南部人 校園環境對自己來說是一個很重要的考量 就環境來說的話偏向中正 校園大以外也滿喜歡鄉村生活的感覺 反過來說就覺得東吳城中校區比較不太像一般大學校園 另外選擇中正也較不用擔心住宿跟開銷的問題 但東吳法律又是很知名的法律系 資源以及地理位置相當優異 我自己也並不是很自律的人 也許競爭力強的環境比較適合我 覺得很難割捨…
156,visible:span[dir='auto'],東吳到底在下什麼雨
157,visible:span[dir='auto'],東吳傳訊息來，說面試成績調整，我很開心重新去看，還是備取59，還注意到原來是備取最後一名，面試成績56分，到底多顧人怨
158,visible:span[dir='auto'],"要在東吳國貿待四年了
希望能順利畢業"
159,visible:span[dir='auto'],"尋找繁星也上東吳社工的同學
其他也是東吳的也可以認識！"
160,visible:span[dir='auto'],"無法接受這次放假修法
這樣原本東吳獨有的勞動節、教師節、聖誕節放假沒了😡"
161,visible:span[dir='auto'],"發瘋
在上東吳推廣部的日文課
老師上課講到手機的名稱回顧史（？
結果有一個妹妹竟然不知道「行動電話」這個名稱，
這個實在是讓我太意外了
1
/
2"
162,visible:span[dir='auto'],東吳輔仁淡江歷史系分數要多少才穩啊⋯
163,visible:span[dir='auto'],東吳經濟 輔仁會計 中正社福 選哪個？
164,visible:span[dir='auto'],"面試東吳政治嗎 快逃。
1
/
2"
165,visible:span[dir='auto'],"我不行了我的河道全部都是東吳政治正取文
1
/
2"
166,visible:span[dir='auto'],"歷史傳統與聲譽
東吳大學歷史悠久，其日文系在學術界有一定的聲譽。畢業生在社會上有良好的口碑，這對於未來的職業發展也是一個有力的支持。
1
/
2"
167,visible:span[dir='auto'],想問各位繁星上東吳的有人接到電話嗎！看到好多其他學校的都有接到電話 然後我昨天有一通未接來電不知道是不是🥲
168,visible:span[dir='auto'],"高一：台大
高二：政大企管
高三上：輔仁 東吳 淡江也不錯啦哈哈
學測前：輔仁 東吳 淡江
學測後：輔仁
放榜後：輔仁宗教 實踐服設"
169,visible:span[dir='auto'],今天在東吳真的熱到會想直接跳到外雙溪
170,visible:span[dir='auto'],"第二年當個申工人了，還是覺得這份工作很好玩，可以跟很多很有想法跟憧憬的準大學生們聊天！
看到他們就會想起自己當初也是懷抱著一顆期待的心地踏進東吳來面試（但現在熱情可能已經被消磨一大半了哈⋯⋯）到現在也都還記得那天講解規則跟在外面跟我聊天的人是誰😆"
171,visible:span[dir='auto'],臣一罪，遇你。臣二罪，識你。臣三罪，交你。臣四罪，悦你。臣五罪，想你。臣六罪，顧你。臣七罪，守你。臣八罪，護你。臣九罪，戀你。臣十罪，沒有早點邀你參加2026東吳大學政治營。十罪聚全，臣罪該萬死。臣退了。
172,visible:span[dir='auto'],"東吳中文你還好嗎
你確定教授會想看我西批談戀愛嗎😍❓️
發瘋
1
/
3"
173,visible:span[dir='auto'],歡迎來到東吳時尚建教😌 東吳高職
174,visible:span[dir='auto'],為什麼那麼緊張😭還要緊張到18號…… 我繁星46%要繁東吳歷史系是不是太渺茫了……但我真的好希望能繁上 我真的好想上東吳的歷史系😭😭😭
175,visible:span[dir='auto'],"憑一己之力拉回之前跟東吳政治借來的流量
嘻"
176,visible:span[dir='auto'],"畢業ㄌ🎓👨🏻‍🎓
請各位學弟妹好好珍惜大學生活
（學生真的是最快樂的)
愛東吳、愛政治系
㊗️各位畢業生 大展宏圖！大家都能養銀龍魚！"
177,visible:span[dir='auto'],"謝謝你讓我更加堅定的選擇了東吳德文
1
/
2"
178,visible:span[dir='auto'],"今天要去東吳中文面試
我現在已經開始緊張了( ；´Д｀)
進去先滑跪教授道歉備審傳錯檔案名子沒改到
面試好恐怖啊啊啊啊啊啊
1
/
2"
179,visible:span[dir='auto'],"東吳教授如果跟我聊天的話我可以跟他說因為我皮克敏有一隻校徽胸針是東吳大學嗎
1
/
2"
180,visible:span[dir='auto'],"在十六週和十八週中間，東吳選擇了一個十七週
/
然後就會發現碩士生會爆炸，所有的報告都卡在下下週"
181,visible:span[dir='auto'],"我覺得乾脆把557改成什麼三四五六節公車
然後一次把學生塞好塞滿載到東吳
反正就是好多艘運奴船跟一艘大運奴船的差別而已
1
/
2"
182,visible:span[dir='auto'],"最近開始填志願
歡迎來當我學弟妹
\東吳社會第一名/"
183,visible:span[dir='auto'],"完蛋 卡在彰師大會計跟東吳會計喔
要填那個🥲我想填東吳但媽媽Yeap……"
184,visible:span[dir='auto'],"哭了 明天要面試東吳政治
有沒有今天面完的 或是學長姐可以給點建議
好緊張👉👈我只填了東吳政治⋯⋯⋯⋯"
185,visible:span[dir='auto'],廣大的脆友要選東吳法還是中興法，可以給一些建議嗎🙏🙏
186,visible:span[dir='auto'],"東吳德文我來了
1
/
2"
187,visible:span[dir='auto'],"阿焦又來ㄌ
最後一個面試東吳社工怎麼會那麼緊張
嗎呀我快不行ㄌ
1
/
2"
188,visible:span[dir='auto'],"東吳法上岸！
1
/
2"
189,visible:span[dir='auto'],2027年度世界大學排名，在1400名前的台灣學校，原來東吳...然後亞洲大學是...
190,visible:span[dir='auto'],"雖然查了去年輔仁備49 甚至東吳備90都能上
但我就覺得全部都備取很不開心啊。
1
/
2"
191,visible:span[dir='auto'],"終於結束啦！！
恭喜各位考生，希望之後能在東吳中文看見大家。🫶🏻
老師們也辛苦嚕，我先昏迷了。。。"
192,visible:span[dir='auto'],"今天是國際研修課程學生們的報到日 剛好碰上東吳轉學考
看著學生跟陪考的家長們
讓我想起三年前轉進東吳的我
一眨眼 也在6月畢業了呢
轉學考的路真的很不容易
尤其我又重考一年 我那一年完全失去了出門的動力 也不想跟朋友聚餐 因為覺得很不好意思
我那一年整個人大變性變得超宅
想跟各位轉學考戰士說聲辛苦了 🥺 我是文藻五專畢業轉東吳國貿 如果有一樣是五專的學弟妹想問經驗的話 可以問我呦 (不知道能不能幫到忙就是)
人生最青春的時候就獻給這兩間學校了 大學生活真的落幕了🥹"
193,visible:span[dir='auto'],"請大家善待東吳法學生，共勉之
東吳大學
1
/
2"
194,visible:span[dir='auto'],"東吳德文在我心裡的志願慢慢上升了（喔喔）
1
/
2"
195,visible:span[dir='auto'],是說東吳法正取上岸了啦 但房子還沒找到😭
196,visible:span[dir='auto'],"如果你們不想要系會時間擋在那裡
歡迎來到東吳資料科學系（？）
選課排課無負擔"
197,visible:span[dir='auto'],"嗨我是小咚🐻🎀
是今年入學的新熊！今日難得好天氣，不搭557，散步走臨溪路進學校了～
這條臨溪路好長啊 ʕ･᷄-･ʔ
小短腿跟不上只能用飄ㄉ了=͟͟͞͞ʕ´˶• . •⑅ʔ =͟͟͞͞ʕ´˶• . •⑅ʔ
順帶跟拱門自拍一張！
東吳週記W1
東吳大學
#東吳大學外雙溪校區"
198,visible:span[dir='auto'],"東吳又又又又又變成泛舟河了
要不是期末考上禮拜就結束了不然今天絕對會氣死"
199,visible:span[dir='auto'],"請尖銳評價東吳大學英文系廖唯善秘書
meta.ai
1
/
2"
200,visible:span[dir='auto'],"愛東吳大學🫶
大二又是幾乎五天早八☺️
1
/
2"
201,visible:span[dir='auto'],"東華大學數學系已畢業 來個學校系所認親！
（花蓮本地人）"
202,visible:span[dir='auto'],"聽說今天學測正是分發！
￼
一起曬出你的分發簡訊
歡迎大家來東吳大學
下收新生社群！
1
/
2"
203,visible:span[dir='auto'],有繁星也上東吳經濟的同學嗎～
204,visible:span[dir='auto'],"東吳會計最貼助教🫪
1
/
2"
205,visible:span[dir='auto'],東吳水師要重出江湖了嗎
206,visible:span[dir='auto'],東吳日文跟輔大日文 該選哪個🙏
207,visible:span[dir='auto'],"如果姓吳然後去讀清大後醫學系
這樣畢業後是不是可以說自己是114吳醫師
1
/
2"
208,visible:span[dir='auto'],"東吳企管雙冠王 🏆
1
/
2"
209,visible:span[dir='auto'],"真的感謝東吳這五年
交換+輔系
修了將近200學分
不敢說自己真的學了什麼硬實力
但至少還算有點收穫吧
至少看動漫不用開字幕🤪"
210,visible:span[dir='auto'],"東吳隱藏版帥哥🤵
1
/
2"
211,visible:span[dir='auto'],某位東吳大學的學長曾經說過
212,visible:span[dir='auto'],東吳大學的網路已經爛到連限動都跑不出來了
213,visible:span[dir='auto'],"我和東吳教授聊到一堆有的沒的
我說希望可以看到東吳的藍鵲
教授和我說他被東吳藍鵲巴頭過
1
/
2"
214,visible:span[dir='auto'],"有讀東吳的嗎
嘉義人"
215,visible:span[dir='auto'],"東吳五年 我來了(つд⊂)
1
/
2"
216,visible:span[dir='auto'],東吳輔仁淡江 三家輪流把這幾個標語 甚麼'企業最愛' '私立第一' 掛在嘴邊 就只是三家找不同媒體寫差不多的文章而已 我們系也是會一直強調ㄟ其實我們也不比東吳差喔 同學要振作
217,visible:span[dir='auto'],"大四再現東吳水師
1
/
2"
218,visible:span[dir='auto'],東吳大學大一 176/55 單 文青男
219,visible:span[dir='auto'],"東吳獨眼龍這學期修到一堆水課
1
/
2"
220,visible:span[dir='auto'],有人是東吳水電的嗎
221,visible:span[dir='auto'],"繁星上了東吳大學英文學系！！
有誰也是嗎🥹🥹
也想問問英文學系有甚麼需要準備跟注意的事情！"
222,visible:span[dir='auto'],東吳大學最富裕的畫面
223,visible:span[dir='auto'],"東吳又贏
1
/
2"
224,visible:span[dir='auto'],喜歡帶走🤍東吳高職
225,visible:span[dir='auto'],東吳大學城中校區
226,visible:span[dir='auto'],請問應該選東吳會計還是淡江財金…
227,visible:span[dir='auto'],"各位社工系的學長姐大家好！
我目前是一個高三準大學生，昨天放榜後有正取東吳、東海以及中山醫三間大學的社工系，原本想去中山醫的醫社，但在去各個學校面試後發現自己都很喜歡每間學校，所以出現了選擇障礙！
我希望未來可以往醫務（安寧社工）老人（長照機構）等領域發展，並且在大學期間可以前往日本交換，學習那邊的醫療或長照的知識與生態體系。
想請問各位學長姐哪間學校更可以提供豐富的醫務及老人領域的相關資源，並且有出國交換學生的機會？建議交換的學校？
在此先謝謝各位學長姐們的建議與幫助！
謝謝你們！
社工系"
228,visible:span[dir='auto'],"東吳大學玩偶像夢幻祭的人真的很多🙂‍↕️🙂‍↕️🙂‍↕️
1
/
2"
229,visible:span[dir='auto'],從今以後 我的膝蓋只給東吳大學🧎🏽‍♀️‍➡️🧎🏽‍♀️‍➡️
230,visible:span[dir='auto'],其說現在想想，東吳在戒嚴時代開設日文系也是挺妙的，畢竟東吳大學是某種程度上是衛理公會的學校，然後衛理公會是蔣宋美齡的母會⋯⋯。
231,visible:span[dir='auto'],有沒有東吳畢業或在校的底下留言我看看
232,visible:span[dir='auto'],"#東吳大學
1
/
2"
233,visible:span[dir='auto'],誰說東吳大學很小的
234,visible:span[dir='auto'],有沒有要讀東吳美髮建教的……
235,visible:span[dir='auto'],"請銳評東吳企業管理學系，越刺耳越好
meta.ai"
236,visible:span[dir='auto'],不分科了 東吳法律見
237,visible:span[dir='auto'],東吳高職的學生拿捏不了你
238,visible:span[dir='auto'],"想問問一看👀
淡江
輔仁
東吳
哪一間的經濟學系比較好"
239,visible:span[dir='auto'],期末考要考東吳政治招生SWOT 但是我真的想不到敝系有什麼弱點可以寫欸
240,visible:span[dir='auto'],四川大學=SCU=東吳大學
241,visible:span[dir='auto'],我是下一屆高一生 我報美髮建教班 請問各位學長姐們可以給我一些建議跟注意事項嗎😭我很焦慮很怕我讀不下去或是人際關係太複雜..
242,visible:span[dir='auto'],輔大和東吳，你想進哪一間？
243,visible:span[dir='auto'],"東吳大學❌
東吳水樂園⭕️"
244,visible:span[dir='auto'],東吳有沒有會跳的 跟我們資管單挑一下
245,visible:span[dir='auto'],報告老師！東吳淹大水
246,visible:span[dir='auto'],"2017年舊片
2026仍有東吳水師"
247,visible:span[dir='auto'],來東吳整天吃喝拉撒睡就沒了東吳高職
248,visible:span[dir='auto'],"想問分科 中正哲學跟東吳政治怎麼選
輔仁、東吳、北教大整體看哪個更好🙏🏻
聽說社會組在台北讀書資源比較多
可是沒有特別有錢在台北讀書是不是真的很累
好猶豫 真的對未來很迷茫
讀政治真的沒出路嗎
雖然知道輔東是私立前段
但還是怕被覺得不夠好 很在意別人眼光
不知道自己想要什麼 不要砲我😭🙏🏻"
249,visible:span[dir='auto'],"南華大學正取～🥹🥹
1
/
2"
250,visible:span[dir='auto'],Hi❤️#東吳高職
251,visible:span[dir='auto'],"東吳法跟成大法哪個比較強啊
希望我能雙到東吳法"
252,visible:span[dir='auto'],你們知道東吳是台灣第一所私立大學嗎🤔
253,visible:span[dir='auto'],東吳餐飲我來了😍
254,visible:span[dir='auto'],"東吳大學你夠了。
1
/
2"
255,visible:span[dir='auto'],"東吳大學這天氣你要我上體育課 在外面 操
1
/
2"
256,visible:span[dir='auto'],"我是亞東醫管系🙋
2
/
2"
257,visible:span[dir='auto'],東吳或輔仁社工系怎麼樣😭
258,visible:span[dir='auto'],"JYP來參觀東吳大學！
🕺🦍
1
/
2"
259,visible:span[dir='auto'],有沒有東吳社會的！
260,visible:span[dir='auto'],"這樣的人可以東吳社工正取1嗎🙂‍↕️🙂‍↕️
1
/
2"
261,visible:span[dir='auto'],東吳中文主任真的瘋狂臭輔仁超好笑 去了兩次都是
262,visible:span[dir='auto'],我真的求求你了東華大學 我真的不想繼續去儒林了 拜託錄取我好不好
263,visible:span[dir='auto'],"幹老哥都開始瞧不起東吳了
東吳到底哪裡不好
上臺科了不起喔
1
/
2"
264,visible:span[dir='auto'],有東吳的同學嗎🥹！
265,visible:span[dir='auto'],東吳大學我的557呢😭💥
266,visible:span[dir='auto'],東吳第三天 來了個高爾宣
267,visible:span[dir='auto'],"我大東吳夾在一群國立大學裡面
那是有點曖昧了🫵🏻"
268,visible:span[dir='auto'],東吳水師回來了？
269,visible:span[dir='auto'],"我愛東吳大學
會喵喵叫的帥哥 100分
1
/
2"
270,visible:span[dir='auto'],東吳社團之夜 大淵來打工嗎
271,visible:span[dir='auto'],"【東吳大學 2021/9_2025/6】
柯佑霖
中華民國玖拾壹年拾月拾柒日生
於本大學休業期滿成績及格
依大學法及學位授予法授予
商學院會計學系商學士學位"
272,visible:span[dir='auto'],東華大學我真的謝謝你⋯^_^
273,visible:span[dir='auto'],東吳大學⋯真的好強⋯
274,visible:span[dir='auto'],大學內有麥當勞的才有資格成為頂尖大學
275,visible:span[dir='auto'],什麼意思東吳大學
276,visible:span[dir='auto'],"一句話形容東吳大學｜五分鐘逛校園
東吳大學"
277,visible:span[dir='auto'],"吳又贏
東吳大學
1
/
2"
278,visible:span[dir='auto'],今天來東吳面試的我們未來靠你們了
279,visible:span[dir='auto'],東吳大學你可不可以別鬧了
280,visible:span[dir='auto'],"東吳畢典校園記者記錄之
採訪畢業生的狗
1
/
2"
281,visible:span[dir='auto'],今天東吳高職 新生報到，有沒有同屆的🙋
282,visible:span[dir='auto'],東吳的健身房算一種德意志帝國
283,visible:span[dir='auto'],東吳大學誰在給我玩啊
284,visible:span[dir='auto'],明天東吳新生報到 有認識的嗎😬
285,visible:span[dir='auto'],"東吳大學ㄉ比賽之七海千秋💖
1
/
2"
286,visible:span[dir='auto'],花蓮有沒有推薦的青旅或民宿
287,visible:span[dir='auto'],"在東吳高職小小混了一年 不知道原來還有美容科
我只知道我是時尚科😛"
288,visible:span[dir='auto'],東吳大學外雙溪校區現況
289,visible:span[dir='auto'],時間到了又要開始東吳高職了
290,visible:span[dir='auto'],學長你好請問東吳好混嗎
291,visible:span[dir='auto'],東吳缺牌咖嗎（兩校區社團）
292,visible:span[dir='auto'],"現在滑到任何一篇東吳水師的文我都要按讚
這是我的限動
1
/
2"
293,visible:span[dir='auto'],我東吳水師天下第一
294,visible:span[dir='auto'],有東吳的學長學姊嗎 我也是新生 很內向🙋 嘉義
295,visible:span[dir='auto'],"東吳的學長姐們，有誰西概也是張上冠教的😵‍💫😵‍💫😵‍💫
禮拜四西概小考的題目…………（5抽2）"
296,visible:span[dir='auto'],現在都要東吳高職就對了
297,visible:span[dir='auto'],明天東吳報道有人知道活動中心在哪嗎
298,visible:span[dir='auto'],"有人是時尚正規的嗎？
可認識嗎😀"
299,visible:span[dir='auto'],恭賀黃董事長錄取成功大學管理學院高階管理碩士專班EMBA甲組
300,visible:span[dir='auto'],同樣都是東吳會計 我輸光
301,visible:span[dir='auto'],東吳大學我真的沒空跟你鬧了好嗎。
302,visible:span[dir='auto'],太久沒出現了東吳高職
303,visible:span[dir='auto'],"我的夢想是把東吳大學鏟平
1
/
2"
304,visible:span[dir='auto'],"東吳企管能讓我進去嗎
1
/
2"
305,visible:span[dir='auto'],輔大法律系和東吳法律系，你會選哪一間？
306,visible:span[dir='auto'],剛進東吳要注意什麼東吳高職
307,visible:span[dir='auto'],"雖然東吳大學並不是什麼名校，但還是勝過台灣大學。
東吳大學有爬不完的樓梯，而台灣大學沒有，
此為一勝；
東吳大學一勝，台大零勝，此乃第二勝；
東吳大學兩勝，台大零勝，此乃第三勝。
故東吳大學才是貨真價實的頂大。"
308,visible:span[dir='auto'],"還私校前段班勒真的太失望了
東吳
1
/
2"
309,visible:span[dir='auto'],"東吳會計系好 還是彰師大 或中正
1
/
2"
310,visible:span[dir='auto'],東吳 輔仁 淡江 哪一間企管比較推
311,visible:span[dir='auto'],為啥突然之間都是東吳的脆🧐
312,visible:span[dir='auto'],這一定是東吳悠遊卡救星 東吳大學
313,visible:span[dir='auto'],東吳有沒有麻將群啊🥲
314,visible:span[dir='auto'],沒有東吳水師的東吳不是東吳😻🤞
315,visible:span[dir='auto'],"愛東吳大學
小時達叫得到橡皮艇嗎 還是只能游泳
1
/
2"
316,visible:span[dir='auto'],"我愛東吳大學🫰🏻🫰🏻🫰🏻
1
/
2"
317,visible:span[dir='auto'],所以東吳企管跟國貿哪個比較好
318,visible:span[dir='auto'],是東吳但不是新生怎麼辦！東吳高職
319,visible:span[dir='auto'],東吳大學法學院被中國滲透了，好恐怖
320,visible:span[dir='auto'],"大家還記得那個104人力銀行網站上的中國律所嗎？
其實北京國樽律所主席也擔任中國北京市朝陽區政協委員喔！
目前跟台灣博泰明安律所還有台灣東吳大學法學院皆有戰略合作"
321,visible:span[dir='auto'],在此尋找東吳大學的牌咖
322,visible:span[dir='auto'],"東華的各位
有沒有人要夜遊
東華大學"
323,visible:span[dir='auto'],🇨🇦western牙醫系畢業碎片
324,visible:span[dir='auto'],最近在東吳的一些
325,visible:span[dir='auto'],啊我的白馬王子呢？ 東吳高職
326,visible:span[dir='auto'],有沒有人等等東吳面試的 來東吳娃聚
327,visible:span[dir='auto'],馬上要讀東吳了 該注意什麼？東吳高職
328,visible:span[dir='auto'],"這個拜託飄給現在在東吳大學的人
就是有人要一起點大茗嗎？
1
/
2"
329,visible:span[dir='auto'],東字龍頭 東吳大學
330,visible:span[dir='auto'],"熱到躁起來了
東吳大學冷氣敢不敢給我開強一點
1
/
2"
331,visible:span[dir='auto'],"東吳政治系真的還要幫她徵人喔？
1
/
2"
332,visible:span[dir='auto'],幹東吳二輪沒上啦 怎麼辦 要個升還分科
333,visible:span[dir='auto'],畢業後東吳的市集變高級了
334,visible:span[dir='auto'],"#東吳大學 #東海大學
想詢問各位學長姐，東吳大學跟東海大學哪一個比較好呢？都是社會工作學系！交通的話，聽說東吳大學的交通是不是比較不方便？"
335,visible:span[dir='auto'],"東吳大學我明天是要划船上課嗎
1
/
2"
336,visible:span[dir='auto'],東吳大學是一所沒有出路的大學
337,visible:span[dir='auto'],東吳不錯啊 不是出一個流氓教授
338,visible:span[dir='auto'],"東吳大學～讚！！！！
2
/
2"
339,visible:span[dir='auto'],"等東吳😵‍💫
1
/
2"
340,visible:span[dir='auto'],今年要變東吳高職 小高一了 請各位學長姐多多照顧🫶🏻
341,visible:span[dir='auto'],"東吳水師 師出有名。
1
/
2"
342,visible:span[dir='auto'],"今天在教文委員會質詢時，我向教育部表示，大學在廣納生源的同時，應該也要注意到不可自我矮化，必須要兼顧台灣主權。葉丙成次長回應，「對等、尊嚴」是很重要的，後續會再跟東吳大學了解事情的脈絡，再來確認要改進的地方。
1
/
2"
343,visible:span[dir='auto'],東吳大學白色說書人讀劇會。
344,visible:span[dir='auto'],"東吳也淹水了
期末考週，是叫大家力爭上游嗎？"
345,visible:span[dir='auto'],"好煩喔
想考法律系的人應該都知道東吳法是真的很強
但家人就一直說什麼要我去中字輩法律
說國立的一定比私立的好
我一直努力說服他們東吳法真的很強了
雖然比不上台大政大
雖然是私立但就是強啊
我真的就想要東吳法啦
他們死都不讓我讀
我真的跟他們吵架吵到哭出來"
346,visible:span[dir='auto'],"東吳大學百合文化研究社快成立好了各位
1
/
2"
347,visible:span[dir='auto'],"還真的有人在外雙溪划船？！
東吳大學 東吳大學"
348,visible:span[dir='auto'],"哈哈講個笑話
我沒有外文課
謝謝你東吳大學"
349,visible:span[dir='auto'],"東吳中文和輔大中文
不管是教授 環境 獎學金 全都不分伯仲
我真的選不出來 教授都很溫柔 我真的都很愛
還是我應該各讀兩年（？）沒有我開玩笑的"
350,visible:span[dir='auto'],下一次踏進東吳就要開始面對我的超硬課表。
351,visible:span[dir='auto'],"這裡有東華大學的女同嗎
東華大學"
352,visible:span[dir='auto'],等你們撿 找到還有額外獎 低配版東吳高職
353,visible:span[dir='auto'],東吳水師真的天下無敵
354,visible:span[dir='auto'],原來是東吳畢業的，難怪人這麽綠，綠到腦袋壞掉
355,visible:span[dir='auto'],啊？東吳畢業--難怪綠？東吳人不懂？東吳犯了啥？？
356,visible:span[dir='auto'],"東吳高職 時尚建教❤️
1
/
2"
357,visible:span[dir='auto'],東吳的水師就是最強的
358,visible:span[dir='auto'],應該是東華大學附小喔！簡稱「東華附小」
359,visible:span[dir='auto'],要讀東吳 脆上會有東吳的學長姐們嗎🫪
360,visible:span[dir='auto'],"人家東吳會計碩士畢考上檢察官的人都認為柯的帳目有問題了
不懂一些小草在堅持什麼？
以為東吳會計碩很好考？"
361,visible:span[dir='auto'],"東吳大學中文系林芷涵妳在哪
1
/
2"
362,visible:span[dir='auto'],"東吳學餐是
第二個信義區嗎？？？
東吳大學"
363,visible:span[dir='auto'],"東吳第一哩真好玩！同學又美又帥！
1
/
2"
364,visible:span[dir='auto'],今天遇到東吳網帥耶
365,visible:span[dir='auto'],東吳大學再不出成績我很慌髒誒
366,visible:span[dir='auto'],原來這裡就是東吳大學的城區部啊
367,visible:span[dir='auto'],我大東吳依舊很有生活了
368,visible:span[dir='auto'],"東華大學 脆上找得到他嗎
1
/
2"
369,visible:span[dir='auto'],"找東吳人！
東吳大學 國貿人！
（可以追蹤我 先來認識一下😋"
370,visible:span[dir='auto'],東吳人咕嚕咕嚕咕嚕
371,visible:span[dir='auto'],"錄取英文系還有大學長韓國瑜的加持喔！
2
/
2"
372,visible:span[dir='auto'],"為何東吳會計分數不高 卻有人說很好
本人一階有過東吳 在思考要不要拼分科上想問中正中興"
373,visible:span[dir='auto'],東吳高職 新生有沒有學長姐可以認識ㄉ😗
374,visible:span[dir='auto'],"這是 東吳精神冰
我是 東吳神經病
東吳大學"
375,visible:span[dir='auto'],東吳音樂系的朋友留個言吧
376,visible:span[dir='auto'],"請問歷史系
東吳
暨南
東華
雲科大文資系也很有機會，大家建議那個呢？"
377,visible:span[dir='auto'],"因為我們是…
#東吳大學日文系 #東吳大學 #日文系"
378,visible:span[dir='auto'],"我大東吳好扯..投影到大樓上
二教的用法"
379,visible:span[dir='auto'],"東吳的掛號信用飛的
這也太快了🥹🥹"
380,visible:span[dir='auto'],東吳哲學系的下場
381,visible:span[dir='auto'],所以有沒有東吳政治的同學啊🫠
382,visible:span[dir='auto'],"現在兩間在選 有人可以給我點建議嗎😭
輔大金企 東吳國貿"
383,visible:span[dir='auto'],我可以讀什麼大學啊，我查了落地分析感覺不是很準怎麼可能公立的科系這麼少⋯
384,visible:span[dir='auto'],感謝東吳大學，讓我法律系唸到現在，終於有一次全部都選上了🙏🥹🙏🥹
385,visible:span[dir='auto'],餐飲建教的學弟妹集合嘍。東吳高職
386,visible:span[dir='auto'],大三籃球正式結束ㄌ 今年很特別 籤運不錯拿到大英盃冠軍 也解鎖連續兩場系際盃都因為被分到財經被爆錘 明年系籃要大換血了 一定會很緊繃最後感謝所有人的付出和努力 也祝我的學長寶寶們畢業快樂…
387,visible:span[dir='auto'],我朋友讀頂大 我也有讀大學
388,visible:span[dir='auto'],東吳法律成績足夠上頂大偏系
389,visible:span[dir='auto'],東吳法律的老師也都很溫柔🥹🥹
390,visible:span[dir='auto'],靠腰啊，到底為什麼要補助私立大學學費，根本不需要每個人都讀大學啊，看到一群89底層在那邊浪費教育資源就很躁，我他媽辛苦考到清華大學付的學費還比私立科大猴高1萬，他媽世界都要塌了，破政策，破期末，要發瘋了🤯🤯
391,visible:span[dir='auto'],如果是東吳輔仁那種可以接受 補助我都不知道名字的科大真的沒必要
392,visible:span[dir='auto'],東吳咕嚕咕嚕大學咕嚕咕嚕
393,visible:span[dir='auto'],"東吳大學 國貿系 婁峻碩 大學長說 大家不要學他中午才去學校 可以嗎？
1
/
2"
394,visible:span[dir='auto'],這樣在東吳能認識姊姊嗎
395,visible:span[dir='auto'],輔大企管還是東吳國貿啊
396,visible:span[dir='auto'],東吳大學被皮克敏入侵了
397,visible:span[dir='auto'],東吳大學城中和外雙溪校區
398,visible:span[dir='auto'],輔大臨心，東吳心理，中原心理
399,visible:span[dir='auto'],"東吳大都督粉碎機是誰
1
/
2"
400,visible:span[dir='auto'],"不可能在這裡發現全圓佑
東吳大學
1
/
2"
401,visible:span[dir='auto'],普大台北還有東吳銘傳文化
402,visible:span[dir='auto'],東吳政治系優秀的學生前來拜訪！
403,visible:span[dir='auto'],"東吳大學，原名蘇州大學就很好理解了
元智大學，徐旭東祖父徐元智之名
靜宜大學，紀念創辦人中文姓名陸靜宜
慈濟大學，以教富濟貧」為目標，推廣無緣大慈
長榮大學，沒什麼特別意思，但長榮中學是台灣第一所中學，長老教中學校
文藻外大，道明會會士羅文藻，首位中國籍神父和主教。
開南大學，開拓南洋
樹德科大，樹德樹人
醒吾科大，我覺得是三醒吾身，但沒查到資料
德明科大，與香港德明中學使用同名
修平科大，創辦人林湯盤，字修平
馬偕醫學院，送分題
逢甲大學，送分題
銘傳大學，送分題
義守大學，送分題
2
/
2"
404,visible:span[dir='auto'],感謝朝陽科技大學的學長姐和老師 但我面試的時候腦子一片空白
405,visible:span[dir='auto'],這就是東吳水師嗎
406,visible:span[dir='auto'],東吳，是小英總統在東吳短暫教授的2年，超幸運的
407,visible:span[dir='auto'],抱歉潑個冷水，如果家裡是務農，我反而會推薦去念農業，要知道太空科技一日千里，你要是能到火星種植地球上全部作物，比你念法律，對人類更有意義的多。
408,visible:span[dir='auto'],"笑出來
還有東吳水師"
409,visible:span[dir='auto'],我表妹本來要考東吳法律，現在決定考中正，她覺得丟臉。
410,visible:span[dir='auto'],東吳的飄過東吳發生什麼事了….
411,visible:span[dir='auto'],"代友問
東海、東吳、輔仁、高雄的法律要怎麼選啊啊啊
她不想去北部，經濟壓力太大了
但又看今年東吳輔仁分數很高
有沒有學長姐給一點建議"
412,visible:span[dir='auto'],"今天東吳大學的畢業生都要感謝我
2
/
2"
413,visible:span[dir='auto'],"東吳大學 怎麼可以沒有地方大叫呢
1
/
2"
414,visible:span[dir='auto'],館前店遇到“東吳男團”
415,visible:span[dir='auto'],誰還敢說東吳都是鼠輩
416,visible:span[dir='auto'],你還是開了口東吳高職
417,visible:span[dir='auto'],我東吳法，但現在在當軟體工程師（歪樓
418,visible:span[dir='auto'],"東吳大學的理想混蛋
給大家的520，有甜也有鹹🥹
1
/
2"
419,visible:span[dir='auto'],"1.校風壓抑，個人覺得風水不好，心情變很糟
2.校內公車557班次少，時間都在等公車中消耗
3.校內行政腐敗，學生意見學校聽不見，各處室互相踢皮球
4.如果有考慮先進來再轉系的同學，115學年度的轉系資格大幅減少，（轉系資格上寫說收15人，最後只錄取3人）
❗️可參考這篇Dcard❗️
dcard.tw/f/scu…"
420,visible:span[dir='auto'],東吳會計四年，畢業十年以上還是以東吳為榮，推薦廖素娟老師
421,visible:span[dir='auto'],我滴青春要殺青啦🎬東吳高職
422,visible:span[dir='auto'],說到底東吳大學又何嘗不是一種東大呢🧐🧐🧐
423,visible:span[dir='auto'],東吳大學你遜掉了
424,visible:span[dir='auto'],東吳高職 等你們找
425,visible:span[dir='auto'],"東吳大學115年科系人數排行：
法律學系 1,204
會計學系 965
企業管理學系 941
日本語文學系 827
經濟學系 755
英文學系 724
財務工程與精算數學系 707
中國文學系 680
國際經營與貿易學系 531
社會工作學系 528
資訊管理學系 518
政治學系 507
社會學系 487
資料科學系 403
心理學系 288"
426,visible:span[dir='auto'],"東吳大學法律系特聘教授建言
1
/
2"
427,visible:span[dir='auto'],"東吳大學你認真嗎？
1
/
2"
428,visible:span[dir='auto'],"11/27講師課 大家猜的到這是誰要來嗎
應該很簡單吧😙
東吳大學"
429,visible:span[dir='auto'],"想問一下各位大佬
東吳政治 中正政治 東海政治
師資 資源 讀書風氣
（如果以外交特考為目標的話"
430,visible:span[dir='auto'],是否有正修科技大學的脆友認識一位電子工程系的吳三連教授，約二十年前給他教過，他在半導體領域頗有成就，畢業前他提過可能會去其他大學任教，後來就再也沒他的消息了，估狗上也幾乎沒有他的資料。
431,visible:span[dir='auto'],"東吳又贏
認同感++++"
432,visible:span[dir='auto'],"那東吳已經是126歲了啊☝🏻✌🏻🤙🏻😵‍💫😄
那就趕快去校慶玩吧～～😜✊🏻✊🏻"
433,visible:span[dir='auto'],"東吳 政治 教大
東正教大學"
434,visible:span[dir='auto'],"都有高雄中山大學了
政大什麼時候要來跟成大合併成政成功大學
1
/
2"
435,visible:span[dir='auto'],鄭麗文和那些深藍媒體名嘴想把東吳大學的年輕人全得罪，我完全沒有意見。
436,visible:span[dir='auto'],你確定所有的東吳學生嗎？當他在酸教授時滿多人哄堂大笑的唷！
437,visible:span[dir='auto'],"東吳是印度是不是？
網路差到一個極致欸😻😻
上禮拜一次 這禮拜還來 你們預算被砍喔"
438,visible:span[dir='auto'],"當初選東吳真的是越級打怪 別鬧了
目前人生最難走的路是臨溪路
目前人生最大的坎是東吳的畢業門檻"
439,visible:span[dir='auto'],到東吳大學教會計
440,visible:span[dir='auto'],有沒有同學🙋東吳大學
441,visible:span[dir='auto'],"明明東吳是基督教學校為什麼有金桶
宗教戰爭嗎"
442,visible:span[dir='auto'],"東吳大學其實有開過民俗相關的課程
也會有台灣道教科儀的ㄒㄩㄝㄕㄨ研究活動"
443,visible:span[dir='auto'],東吳法律正取😭😭😭蘇州大學我愛你
444,visible:span[dir='auto'],"🌷：「大家好～我是02年的吳是溫！」吳是溫就是大學裡面的帥氣學長嗚嗚嗚⋯ꌩ ·̫ ꌩ♡
1
/
2"
445,visible:span[dir='auto'],拜託東吳國貿正取
446,visible:span[dir='auto'],"脆上有東吳財精ㄉ嗎！
課真的好滿😭"
447,visible:span[dir='auto'],好豐富的經歷🫢謝謝您的建議！！
448,visible:span[dir='auto'],"我也想要有大學生活
早知道不要在東吳讀法律系了😩"
449,visible:span[dir='auto'],"明天去東吳面試的加油
歡迎來加入攻打曹賊的行列"
450,visible:span[dir='auto'],"東吳大學是一間非常好的學校。東吳大學是個歷史悠久、學術勢力雄厚、緊鄰外雙溪的絕美大學，校內讀書氛圍踏實，同學友善又有朝氣，擁有世界首屈一指的教授師資。想體驗每天如夢的大學生活嗎？不選東吳大學將是你一生最大的遺憾！
（一則五學分，括號記得刪，沒刪游一趟外雙溪）"
451,visible:span[dir='auto'],"@whogoverstw ​ ​ 【溪望政治學 EP.1 《東吳政治學報》的歷史】
​
大家好！新主題溪望政治學來了！溪望政治學的第一集由陳方隅老師擔任主持人，我們邀請到《東吳政治學報》的主編黃秀端老師來介紹《東吳政治學報》的歷史👏 👏
​
《東吳政治學報》在1978年的時候是叫做《東吳政治社會學報》，當時學術研究沒有像現在那麼發達，大多都是自己的同仁投稿且只有內審。後來政治學系覺得要把學報獨立出來，因此分成了《東吳政治學報》跟《東吳社會學報》。
​
當時的共識是要出版一個具有專業外審的期刊，因此，於1992年出版《東吳政治學報》第一刊，並且秉持一貫有專業外審的嚴謹原則，直到現在《東吳政治學報》已經有32年的歷史了！後來2000年國科會人文社會科學研究中心開始要做TSSCI、THCI等等期刊收錄，《東吳政治學報》就在第一波被收錄進臺灣社會科學引文索引（TSSCI）的核心期刊。
​
留言接續"
452,visible:span[dir='auto'],"社會大眾不要被可惡的青鳥騙了
我們柯主席已經出來了
現在正在東吳表演給新生看"
453,visible:span[dir='auto'],上東吳英文了好不開心
454,visible:span[dir='auto'],恭喜，東吳的含金量真不是蓋的
455,visible:span[dir='auto'],"分科要考上東吳
我就可以一直發這種圖了"
456,visible:span[dir='auto'],來東華大學 還是要有🎄氣氛
457,visible:span[dir='auto'],今天才知道／想起來：東吳大學的英文是Soochow University……（掩面
458,visible:span[dir='auto'],韓國瑜~東吳外語
459,visible:span[dir='auto'],"東吳真的很解
跟那個割共老師一樣很解"
460,visible:span[dir='auto'],他把東海講成東吳
461,visible:span[dir='auto'],"歡迎大家讀東吳
現在是名副其實的跳板大學了
雙主修可以直接跳船了"
462,visible:span[dir='auto'],我做得到 東吳法律！
463,visible:span[dir='auto'],"東吳大學棒棒棒✨
1
/
2"
464,visible:span[dir='auto'],今天東吳大學政治學生，最帥🩷
465,visible:span[dir='auto'],靜心國小到東吳大學大學的朋友餒😭😭😭
466,visible:span[dir='auto'],"東吳什麼時候有思樂冰的啊啊啊
1
/
2"
467,visible:span[dir='auto'],"哪裡來的東吳會計狗😔
東吳大學
1
/
2"
468,visible:span[dir='auto'],"台大日文系畢業後在做什麼啊
我正在日本上麥當勞大夜班"
469,visible:span[dir='auto'],東吳日文，原本在日商餐飲後勤，現在教鉤針😆每天看日文編織書很開心～
470,visible:span[dir='auto'],東吳嘻研最好在社遊的時候上點強度
471,visible:span[dir='auto'],健檢完覺得東吳大學也是樓梯大學😑
472,visible:span[dir='auto'],其實吳振吉醫師是司法官第二名（那年的第一名是東吳法碩乙的羅嘉薇）……吳志正醫師是我碩士論文的口試委員，他思路清晰、口才辨給、著作頗豐，是我非常尊敬的老師。
473,visible:a[href*='/post/'],"其實如果我家有醫師有律師然後我是個法務助理，我也會憤世忌俗開 Threads 小帳到處罵律師跟醫師。有法學學位的醫師，大概會是我的頭號假想敵。
醫師拿非本科學位哪有這麼多原因跟苦衷？我自己是看什麼學科覺得帥就去考，考了就上了，上了就拿學位了，拿學位了就順便做一些研究。
我醫學法學都曾經在期刊發表論文。法學那篇我在當住院醫師時用值班補休跟假日獨立完成，其中大概有五千字是等刀等病人時用手機打的。發表在兩間研究所一個學會合辦的期刊。那卷期刊有四篇文章，另外三位作者是政大、長庚跟臺大的教授。
讀一個學科，到快四十歲還要說服自己不拿學科牌比較厲害，是不會懂拿一張牌然後發展成雙棲三棲的人在想什麼的。
不過的確，政大法學院有教我什麼，那就是學海無涯。無論法學、醫學，任何學科，拿到牌只是下一個球場的入場卷。我們必須尊重有牌的人。家人朋友有問題，我都一率轉介有律師牌的同學或朋友，其中有些人是學士，有一些人是碩士。有些人有做研究，有些沒有。
嚴格講起來，我的「學術成果」可能看似比他們高。但他們就有牌啊。"
474,visible:span[dir='auto'],"其實這次除了成大法以外
我還想去政大政治和中興法律
但考量補習和其他因素
我還是選擇把東吳法排在中興法和政大政治前面
有種遺憾的感覺
雖然東吳法在法學院裡真的很不錯
但沒辦法去政大、中興和成大就很難過"
475,visible:span[dir='auto'],東吳法律系非常好，從我的觀點看，是最好的選擇。
476,visible:span[dir='auto'],@bsyhsu_ 羨慕吧 東吳大學
477,visible:span[dir='auto'],"從永春高中到東吳經濟
一直不停的看自己的學校上新聞"
478,visible:span[dir='auto'],東吳法和北大法都是前四，你的舉例差滿多的
479,visible:span[dir='auto'],"東吳模擬法庭的學姊都漂亮到我好想徵選模擬法庭😭
1
/
2"
480,visible:span[dir='auto'],"冷知識
臺灣有名的純饒舌歌手 蠻多都是名校、高學歷畢業：
MC Hotdog 熱狗 - 建國高中
蛋堡 - 台南一中
RPG - 台南一中、政大
Leo 王 - 台灣大學
熊仔 - 台大電機
國蛋 - 台灣大學
BR - 台灣大學
小人- 中山大學
韓森 - 成功大學
Gummy B - 台灣大學
神經元 - 台灣大學
Wannasleep - 政治大學"
481,visible:span[dir='auto'],"一天一篇文直到東吳音樂祭
東吳又贏⁉️
東吳大大大大大學長回來啦‼️
這次不只一個人🤫
3/15就在東吳無邊無祭
「婁」緊你的手，「凡」事都有我
@shoumethemoneyxx
@fan0914fan"
482,visible:span[dir='auto'],東吳校友表示：不要來牽拖啊！
483,visible:span[dir='auto'],東吳大學小熊電線桿🐻
484,visible:span[dir='auto'],"東華大學日常：
1
/
2"
485,visible:span[dir='auto'],東吳文組學校沒什麼好破房的
486,visible:span[dir='auto'],可能是東吳太有名了，沒被提到覺得怪怪的
487,visible:span[dir='auto'],有沒有一樣是東吳會計ㄉ朋朋，開學要認識真的有點…社恐ww
488,visible:span[dir='auto'],"為啥東吳大學的英文是 soochow
Dongwoo 不好嗎"
489,visible:span[dir='auto'],2025.2.21現場直擊-波媽大鬧東吳大學《醫事法論壇》
490,visible:span[dir='auto'],"過了
輔仁東吳北市大"
491,visible:span[dir='auto'],東吳政治系在校本部……城中是法學院和商學院
492,visible:span[dir='auto'],"東吳法正取
我也是大學生了😭"
493,visible:span[dir='auto'],"有人可以給些建議嗎，不知道該選校還是選系
行銷系感覺出路不太好）？"
494,visible:span[dir='auto'],"最近在考慮東吳大學會計學系
能請大家給個建議嗎🙏"
495,visible:span[dir='auto'],"拜託東吳一定要正取我🥲
我只有你一間沒了就要分科了"
496,visible:span[dir='auto'],有沒有也是東華大學公行系的，可以來認識一下😆😍
497,visible:span[dir='auto'],東吳好啊 好東吳
498,visible:span[dir='auto'],東吳大學說的就是你的沒學分體育課
499,visible:span[dir='auto'],"私立就是東吳輔仁長庚逢甲東海元智中原
不要再戰了"
500,visible:span[dir='auto'],亞洲大學全台最強，你敢嘴
501,visible:span[dir='auto'],"其他商科我是不知道啦⋯⋯
但就會計系的話，東吳會計、北大會計應該贏中字輩吧哈哈
（這時候我就覺得北大可以跟中字輩一家親了）🤩🤩
瞧不起東吳會計的人一定沒有去過地閱聽噠噠的打計算機聲，傻傻的🥱🥱"
502,visible:span[dir='auto'],大概就是東吳大嘟嘟的職務吧🤣🤣🤣
503,visible:span[dir='auto'],東吳大學應該改名為 等公車大學
504,visible:span[dir='auto'],東吳大學你wifi有夠爛的
505,visible:span[dir='auto'],東吳招生說明會戳到我了
506,visible:a[href*='/post/'],"看到河道上好多在選東吳還是輔大
我上東吳大學最大的想法
城中交通真的很方便（我甚至可以早上在中壢趕早十，像我現在租板橋也很近）
學校很小&同學很卷
但今天如果要再讓我選一次，我可能會動搖，因為東吳能雙輔的太少了，還要跑兩個校區，如果你的規劃本來就是有雙輔打算的，東吳大部分還是文組科系，所以要考慮看看。
這是我當初選大學時沒有考慮到的。
但如果你就是要讀法律系這個我們就另當別論，東吳法輔大法我應該不用說
或是你喜歡同學很認真讀書，你想要交通便利，所謂的資源很多（教授啊交換啊獎學金啊一大堆）
我覺得東吳不會輸，前提是法商一年級要去雙溪上課。
但最後還是疊個甲，東輔一家親。
當然你要說我們私立能卷到哪裡去，好你贏，實話實說，要說什麼學店私立仔大談好啦我就認了。
我還記得之前剛考完的時候我發了一篇串文，也是在選志願的，我說我硬要讀商科的話，沒有頂大四中+北大，我覺得東輔可以放在第一順位。
然後被發到活網去砲，
甚至下面有高中同班考什麼中原東海靜宜的在嘲笑，那時候當然很不爽。
反正後來也就沒聯絡了，但我永遠會記得我被總級分差我一半的人笑考很差，可能靜宜資管那隻就是這種人吧。
1
/
2"
507,visible:span[dir='auto'],中正法正7 東吳備53🤔
508,visible:span[dir='auto'],正常，因為東吳就是看準這種學生只是把自己當成備胎，不如讓那些真的會來本校報到的學生正取，不然讓版主正取後他不來報到反而流失一個真正會來的學生
509,visible:span[dir='auto'],我去問笑吳崢學歷的考上什麼大學 沒一個回我
510,visible:span[dir='auto'],"石頭 你跑的挺快的嘛 厲害～東吳高職
1
/
2"
511,visible:span[dir='auto'],"很多人大學唸私立，
碩、博士考上國立大學後，恥於讓人知道他們的大學母校。"
512,visible:span[dir='auto'],不會啊，我大學念東吳！
513,visible:span[dir='auto'],"東吳大學余承翰
你的學生證流浪到中原了"
514,visible:span[dir='auto'],晚點東吳大學見 😎
515,visible:span[dir='auto'],聽說東吳的很頂（？
516,visible:span[dir='auto'],東華也是有謎擬Q的大學了
517,visible:span[dir='auto'],東吳大學不是只有劉薯餅，還是有像張嘉尹、陳方隅這樣的好老師的
518,visible:span[dir='auto'],被鄭麗文當眾嗆「沒有大腦」 東吳副教授PO文回擊了！ - 政治 - 自由時報電子報
519,visible:span[dir='auto'],只有一個沒選到，愛東吳
520,visible:span[dir='auto'],說我考上東吳大學很優秀已經很尷尬了，為什麼還要問我什麼系...
521,visible:span[dir='auto'],通常考上東吳法律 會計商學院 日文 音樂等高分熱門群不輸國立，會直接連結系所，冷門的科系只會說考上東吳大學（中文 歷史 哲學 數學 物理 化學）
522,visible:span[dir='auto'],"全部繁星都快看完了
就是沒看到東吳資管的😊"
523,visible:span[dir='auto'],東吳還沒開學 特爽
524,json:script_json.require[0][3][0].__bbox.require[0][3][1].__bbox.result.data.searchResults.edges[4].node.thread.thread_items[0].post.text_post_app_info.text_fragments.fragments[0].plaintext,"私立頂大也是頂大
東吳我來了"
525,json:script_json.require[0][3][0].__bbox.require[0][3][1].__bbox.result.data.searchResults.edges[5].node.thread.thread_items[0].post.text_post_app_info.text_fragments.fragments[0].plaintext,我是大學生ㄌ⋯雖然學測確實沒有很好 但是備審跟面試都蠻高的嘿 也謝謝教授給我高分 我是東吳人啦(≧ω≦)
526,json:script_json.require[0][3][0].__bbox.require[0][3][1].__bbox.result.data.searchResults.edges[6].node.thread.thread_items[0].post.text_post_app_info.text_fragments.fragments[0].plaintext,上東吳有什麼推薦的活動或社團嗎？還是有什麼會踩雷的？可以請學長姐們給小的我一點建議嗎？對大學期待但我又不知道在期待什麼www
527,json:script_json.require[0][3][0].__bbox.require[0][3][1].__bbox.result.data.searchResults.edges[7].node.thread.thread_items[0].post.accessibility_caption,"Photo by 李佳頤 on June 10, 2026. May be an image of text that says '今天08：28 今天 08:28 115申請入學看獲分發至 115 115申請入學 獲分發至 東吳大學財務工程與精算數學 系； 結果以甄選委員會網路公 告為準。'."
528,json:script_json.require[0][3][0].__bbox.require[0][3][1].__bbox.result.data.searchResults.edges[8].node.thread.thread_items[0].post.text_post_app_info.text_fragments.fragments[0].plaintext,"放榜了來看一下自己的大學在哪裡 ，海大又偷渡點點點
綜合大學排名（包括科大）
頂級大學：台清交成政
二級大學：央山興正
三級大學：師北海 台科 台師
四級大學：彰師 高師 國立地名大學
五級大學：東吳 輔仁 淡江 逢甲 長庚
六級大學：淡江 北科 東海 元智 中原
七級大學：高科 聯合 雲科 世新 銘傳
八級大學：靜宜 文化 亞洲 北實踐 致理 朝陽
九級大學：義守 長榮 南實踐
十級大學：中華 玄奘 大葉 南華 德明 龍華 嶺東
十一級大學：其餘沒聽過的私立科大"
529,json:script_json.require[0][3][0].__bbox.require[0][3][1].__bbox.result.data.searchResults.edges[9].node.thread.thread_items[0].post.text_post_app_info.text_fragments.fragments[0].plaintext,"我上東吳大學了
42%出奇蹟😭😭😭😭
謝謝大家謝謝神明
我愛大家
我是東吳的學生了
被審資料再見啦😭😭😭😭😭😭"
530,json:script_json.require[0][3][0].__bbox.require[0][3][1].__bbox.result.data.searchResults.edges[10].node.thread.thread_items[0].post.text_post_app_info.text_fragments.fragments[0].plaintext,請問北市大怎麼樣跟私立東吳輔仁比誰好😭😭
531,json:script_json.require[0][3][0].__bbox.require[0][3][1].__bbox.result.data.searchResults.edges[12].node.thread.thread_items[0].post.text_post_app_info.text_fragments.fragments[0].plaintext,"輔仁：備49 輔仁：備60 東吳：備10
我：至少還有東吳可以念🙂
媽媽：備10應該是有了，那就訂機票囉！（定在分科那天）
兩天後
東吳：騙你的 你是備47
好笑嗎？所以我要重考班了？"
532,json:network.data.searchResults.edges[3].node.thread.thread_items[0].post.carousel_media[0].accessibility_caption,"Photo by @duffy6.0 on June 19, 2026. May be a Twitter screenshot of text that says '115東吳新生群（ 115東吳新生群（1,111） (1,111) 台大電能校友主持 114年9到油 【/用一專業升大學中心合大電機校友主特規劇 조영 អមរ 專業升大學中心 中心台大電機校友主持規劃 広 周家 E5 โตง I 李鋒文教 ジ AD 瞭解詳情＞ カ十申子下 大家剛入群的幫我在名字後面加註科系 們懂吧... 煞氣a倫哥 14:54 我是煞氣a倫哥，我有一台Apollo 我是煞氣a倫哥， 我有一台Apollo project Ενο vo不知道學校能不能提供足 夠寬車位給我停，因為我還套了凱蒂 夠寬車位給我停 因為我還套了凱蒂 貓塗裝， ，我怕被刮到 無氣a倫哥 14:54 01:05.84 조을 番： 這台 14:55 便巨主上上巨日 14:55 阿巴 中文 大里地頭蛇 （財數） 哈囉各位， 哈囉各位，我是東吳的新 我是東吳的新 生 ，想問各位學長姐幾.. 中間中興沒有改到 15:02'."
533,json:network.data.searchResults.edges[3].node.thread.thread_items[0].post.carousel_media[1].accessibility_caption,"Photo by @duffy6.0 on June 19, 2026. May be a Twitter screenshot of text that says '115東吳新生群（1， (1,111) 台大電機校友群主崎 114年要·負过路— ิง 監 कस 照 Hum : S 유00참 벌! TRE 專業升大學中心台大電機校友主持規童 專業升大學中心 台大電機校友主持規劃 李鋒文教 AD 瞭解詳情> 大里地商始 （助數） 大家剛入群的幫我在名字後面加註科系！ 哈囉各位， 我是東吳的新生 各位，我是東吳的新生， 想問各 位學長姐幾個問題 首先是東吳的學生車位大嗎，手 我擔 心我的保時捷 VK4501 （Ｐ） 心我的保時捷VK4501（P）停不造 停不進 去， ，如果不夠大的話我就開我的布加 迪LaVoitureNoire通勤 迪 La Voiture Noirem 迪La VERSI 再來是學校學餐能收美金嗎， 因爲 剛從美國回來 剛從美國回來，我不太習慣用台 我不太習慣用台 幣。。。 最後想問一下中興的學生平常娛樂是 什麽？ 我最近注意力都放在中東局勢、 股、 石油黃金上面了， 真是越來越跟 不上潮流了， ，我平常不太喜歡打電 動， ，主要是現在天天和一群淨資產上 億的大佬一起炒股； 平時聊天不怎麽 聊到這些， TAS 別人都說我不像這個年齡人，就们 就很.你 們懂吧... 14:54'."
534,json:network.data.searchResults.edges[3].node.thread.thread_items[0].post.carousel_media[2].accessibility_caption,"Photo by @duffy6.0 on June 19, 2026. May be a cartoon of ‎text that says '‎大家好， 家好，我在這邊隆重介紹一下我自 근 我是今年東吳大學財務工程與精 算數學大一的新生。你們可以叫我煞 算數學大一的新生。 你們可以叫我煞 氣a倫哥。 相信一定有人聽過我的聲 音， 下面提供一段我小時候打電話到 電視台的影片， 電視台的影片，讓大家能更了解我。 讓大家能更了解我。 14:48 https://youtu.be/NtKvCh9tm0E 双Aで 紅山電究台 Juok IUU 痘狂始饰品A 面狂知啦 給他們一個小孩的啊—時精 給他們 一個小孩的圈 0236117817 178 م م 煞氣a倫哥 大里地頭蛇 14:49 ？て良って 2? יידך? 22‎'‎."
535,json:network.data.searchResults.edges[5].node.thread.thread_items[0].post.text_post_app_info.text_fragments.fragments[0].plaintext,"T0
北醫 高醫 中國醫
T1
東吳 輔仁 長庚 中山醫 馬偕
T2
中原 淡江 元智
T3
逢甲 東海 世新 銘傳
T4
文化 大同 實踐 慈濟 真理
T5
義守 亞洲 中信金 長榮 靜宜
T6
南華 康寧 大葉 中華 華梵
T7
玄奘 開南 佛光"
536,json:network.data.searchResults.edges[6].node.thread.thread_items[0].post.text_post_app_info.text_fragments.fragments[0].plaintext,"東吳15%資科穩嗎😭😭😭
脆滑多了 非常焦慮"
537,json:network.data.searchResults.edges[7].node.thread.thread_items[0].post.text_post_app_info.text_fragments.fragments[0].plaintext,"有學弟妹上東吳財務工程與精算數學系嗎？
財精系
我很想直接叫你們塊陶
但
有問題有問題可以問我
或找我聊聊天也行"
538,json:network.data.searchResults.edges[8].node.thread.thread_items[0].post.accessibility_caption,"Photo by @alius_120555 on June 10, 2026. May be an image of text that says '今天9：47 今天 9：47 恭喜您正式成為東吳人！ 本校 將於7月初寄發註冊入學須知； 另， 本校開設暑線上先修課 程， 報名資訊請上教務處招 生組網頁查詢。 生組網頁查詢。東吳大學歡 詢·東吳大學歡 迎您。'."
539,json:network.data.searchResults.edges[9].node.thread.thread_items[0].post.text_post_app_info.text_fragments.fragments[0].plaintext,面試心得的話就是下午面完才發現原來東吳政治完全太輕鬆（氛圍） 一進去就一堆學長姐然後會跟我們說話什麼的 還一直叫我們拿糖果餅乾什麼的 問了問題也都答得很親切 教授人也都很好 都笑笑的（我同學跟我不同間那間教授也都人很好）雖然我講的不算太好 但他們也都很捧場的感覺 總之就是拜託讓我正取😭我真的很想上啊啊
540,json:network.data.searchResults.edges[1].node.thread.thread_items[0].post.text_post_app_info.text_fragments.fragments[0].plaintext,這咖怎麼還在東吳搞笑
541,json:network.data.searchResults.edges[2].node.thread.thread_items[0].post.text_post_app_info.text_fragments.fragments[0].plaintext,"我建議文化、東吳、淡江、輔仁組成北部水樂園🗣️☝️
東吳可以負責飄飄河的部分👐"
542,json:network.data.searchResults.edges[3].node.thread.thread_items[0].post.text_post_app_info.text_fragments.fragments[0].plaintext,超沒禮貌 祝你上不了東吳><！
543,json:network.data.searchResults.edges[4].node.thread.thread_items[0].post.text_post_app_info.text_fragments.fragments[0].plaintext,"老師：繁星4%填東吳有病嗎 你不要給我亂填
：其他前標 但教授鯨魚只給我3.5分
同學：東吳3.5"
544,json:network.data.searchResults.edges[6].node.thread.thread_items[0].post.user.full_name,東吳大學資料科學系系學會5th
545,json:network.data.searchResults.edges[6].node.thread.thread_items[0].post.caption.text,"有即將加入東吳資科夥伴的學弟妹嗎？
系上學生會準備了群組給學弟妹們提前了解～
有需要都可以加入問問題喔！
資科系上的朋友們都會為你解惑～
附上你們的准考證號碼，小夥伴們審核過後就可以加入了喔！
-
-
-
-
連結底下⬇️
-
您已被邀請加入「115學年資科新生群」！請點選以下連結加入社群！
https://line.me/ti/g2/hlXyEN6qLQHSpLFdPYPa3TB3IhSGRl-7MCknHQ?utm_source=invitation&utm_medium=link_copy&utm_campaign=default"
546,json:network.data.searchResults.edges[9].node.thread.thread_items[0].post.text_post_app_info.link_preview_attachment.title,沒錯！今年怎麼能少了影片🥴🥴 可惜現場音響突然出狀況 聲音出不來😩😩 放上一個原版影片 祝大家畢業快樂🎊 #東吳政治 #韓院長 #劉委員沒來也中槍
547,json:network.data.searchResults.edges[7].node.thread.thread_items[0].post.text_post_app_info.text_fragments.fragments[0].plaintext,"看完東吳校舍我想重考了。
幹東吳是只有法律和會計嗎
不在城中校區根本就偏鄉。
有學長姐可以分享真實生活水準嗎
連捷運都沒有我要怎辦。"
548,json:network.data.searchResults.edges[3].node.thread.thread_items[0].post.text_post_app_info.text_fragments.fragments[0].plaintext,"好想上東吳 好想上東吳 好想上東吳 好想上東吳
好想上東吳 好想上東吳 好想上東吳 好想上東吳
好想上東吳 好想上東吳 好想上東吳 好想上東吳
好想上東吳 好想上東吳 好想上東吳 好想上東吳
好想上東吳 好想上東吳 好想上東吳 好想上東吳
好想上東吳 好想上東吳 好想上東吳 好想上東吳
12/20放榜 拜託讓我上大學 拜託拜託拜託
我真的會好好讀書認真向上 早八不翹教授的課全到
拜託了😭😭😭😭😭😭😭😭😭😭😭😭😭😭"
549,json:network.data.searchResults.edges[4].node.thread.thread_items[0].post.text_post_app_info.text_fragments.fragments[0].plaintext,"大一新生🥶知識（for 東吳輔仁）：
輔仁的學生素質小於東吳的學生素質"
550,json:network.data.searchResults.edges[5].node.thread.thread_items[0].post.text_post_app_info.text_fragments.fragments[0].plaintext,"輔仁經濟
東吳經濟
輔仁統計資訊
輔仁企管
中原會計
我過這5間 有人一起嗎"
551,json:network.data.searchResults.edges[5].node.thread.thread_items[0].post.text_post_app_info.text_fragments.fragments[0].plaintext,"部分推薦高三生在法律系擇東吳棄北大的人真的要確定自己想像中的東吳法律有超北趕政是真的耶，就我個人所知，單就應屆司律錄取率這個狀況並不明顯甚至是不存在(我個人所知北大的應屆錄取率仍然高於東吳)。然後東吳法律是一個週六要上課並且唸五年才能畢業的學校，台政北顯然是沒有這種狀況，這種資訊也是要告訴人家。不是什麼說東吳法律超北趕政，東吳英美法有助執業，東吳法律訓練紮實。啊你唸五年人家唸四年，那比較基礎難道不是那些政北畢業後再蹲一年高點保成的人嗎？英美法訓練紮實，你純東吳畢業跟一個北大畢業之後去美國洗一年LLM，我是不知道哪個事務所會因此給東吳更高薪啦，不過的確可能是遇到英美契約，加薪北大在領事情東吳在做就是了。
不過，挺擇東吳棄北大最好笑的理由是「東吳在市區離補習班很近，北大在三峽離補習班很遠」這種理由真的是堪比當年的「選赫哲不必選高中。」
至於東吳城區部小到哭爸，外雙溪又遠到哭爸這種事，就更遠了。"
552,json:network.data.searchResults.edges[7].node.thread.thread_items[0].post.caption.text,@meta.ai 銳評東吳財務工程與精算數學系
553,json:network.data.searchResults.edges[3].node.thread.thread_items[0].post.text_post_app_info.text_fragments.fragments[0].plaintext,"今天才知道東吳有這個酷東西
之前大一完全沒來過"
554,json:network.data.searchResults.edges[8].node.thread.thread_items[0].post.text_post_app_info.text_fragments.fragments[0].plaintext,"一階放榜
看到大量討論法律系的學校
我自己念過①政大②中正
教過書的學校①輔大②東吳
我的經驗
以上四間
東吳絕對排前二名"
555,json:network.data.searchResults.edges[5].node.thread.thread_items[0].post.text_post_app_info.text_fragments.fragments[0].plaintext,"早上跟同事在員工餐廳吃早餐+聊天
同事講到「東吳會計系很強」這件事，
結果引來一個不認識的、坐旁邊的男生插嘴道：
「笑死！東吳大學錄取分數那麼低，哪裡強？！」
我跟同事互看一眼，緩緩問道：
「你判斷一個學校強不強，是看大學錄取分數？！」
但我同事比較大砲，不等對方開口，學著男生的語氣反諷：
「笑死！！🤣🤣你知道每年會計師的上榜率，前3名是政大、東吳跟台大嗎？」
「還有，你知道四大會計師事務所東吳的人多到業界號稱『東吳幫』嗎？」
「你出社會找工作面試官是看你證照+能力還是看你大學錄取分數啊？笑~~死~~」
好好笑的早上，是說東吳會計到底招誰惹誰😅
一早就在我的鍋燒麵裡面添加了火藥味"
556,json:network.data.searchResults.edges[7].node.thread.thread_items[0].post.carousel_media[1].accessibility_caption,"Photo by 淡藍泡泡 on May 30, 2026. May be an image of text that says '簡同學妳好 我是東吳大學政治學 系系主任陳容者。 系系主任陳睿著。關於這次錄取名 關於這次錄取名 單異動給妳帶來的錯憫與委屈， 我 個人感到非常抱歉與自責。 系上老 師們對妳的面試表現給予極高的評 價， 我們深知這次的疏漏重傷了你 對東吳的信任， 東吳的信任，但我們真心 但我們真心不想因 此錯失一位優秀的學生。 不知妳目 前是否方便簡短通話？ 希望能有機 會親自向妳説明並致上最深的歉意 若現在不方便，也請隨時讓我知 也請隨時讓我知道 若現在不方便 妳合適的時間。'."
557,json:network.data.searchResults.edges[0].node.thread.thread_items[0].post.caption.text,@meta.ai 請你看東吳大學
558,json:network.data.searchResults.edges[1].node.thread.thread_items[0].post.text_post_app_info.text_fragments.fragments[0].plaintext,"【東吳附近租屋✨這間先收藏】
最近在找房的可以先看這篇🙋🏻‍♀️
這間是我們自己家的透天🏡
整棟4層樓、22間房
有套房也有雅房
室友幾乎都是學生，環境單純又安靜♡
📍位置真的很方便
騎車到東吳3分鐘
去實踐也很近
= 早上可以多睡一下😴
✔️可以開伙
✔️洗衣機、曬衣空間都有
✔️採光通風很好（住起來很舒服）
💡台電計費
帳單公開透明 用多少算多少～
現在有幾間房在釋出中
👭也很適合找朋友一起住！
有興趣直接私訊我💌
我再跟你說細節跟安排看房～
#東吳大學 #租屋 #台北租屋 #學生租屋"
559,json:network.data.searchResults.edges[2].node.thread.thread_items[0].post.text_post_app_info.text_fragments.fragments[0].plaintext,"認真想問東吳商學院在業界真的有比較吃香嗎 當然不是跟四中五大比也不是說沒有要洗研究所
每次都看到這種留言或串文
還沒真正意義上的就業 還沒概念
目前只有遇到家長聽到東吳國貿覺得還行然後請我當家教
但其實以前的東吳國貿比現在好太多了吧
連我都能上的校系我不覺得他有多好 沒有啦 亂說的 搞不好真的還不錯"
560,json:network.data.searchResults.edges[3].node.thread.thread_items[0].post.caption.text,@meta.ai 東吳經濟 逢甲財經 二選一幫我銳評
561,json:network.data.searchResults.edges[4].node.thread.thread_items[0].post.caption.text,結果北大備超後面竟然有上…原本已經準備好要去東吳的說▓
562,json:network.data.searchResults.edges[4].node.thread.thread_items[0].post.accessibility_caption,"Photo by PureFruitWear on June 11, 2026. May be an image of text that says '志願序 校系代碼 1 招生類別 099072 申請入學 2 校系名稱 國立臺北大學 企業管理學系 005192 申請入學 3 分發結果 東吳大學 國際經營與貿易學系 005222 申請入學 獲分發 4 003102 東吳大學 資訊管理學系（人工智慧組 （人工智慧組） 資訊管理學系 未分發 申請入學 5 國立中興大學 行銷學系 005152 未分發 申請入學 東吳大學 法律學系 未分發 未分發'."
563,json:network.data.searchResults.edges[5].node.thread.thread_items[0].post.text_post_app_info.text_fragments.fragments[0].plaintext,"也太扯，我前三個字我就不會了...
還好我不是東吳的。
（好像是中文系的面試）"
564,json:network.data.searchResults.edges[7].node.thread.thread_items[0].post.text_post_app_info.text_fragments.fragments[0].plaintext,"人生成就達成
✅從東吳划船去搭捷運
下一次挑戰泳渡？
謝謝你們陪我瘋狂 改天剪輯好影片一起發出來"
565,json:network.data.searchResults.edges[3].node.thread.thread_items[0].post.text_post_app_info.text_fragments.fragments[0].plaintext,"怕東吳政治沒發 有人以為我們缺額
東吳政治無缺額紀錄 連續71年滿招不斷
成為我國培育政治人才的優秀系所
如果你是115考生 請記得你有四次機會
特選報名東吳政治 繁星東吳政治
個人申請繼續東吳政治 分科再考東吳政治
BTW如果你是小草 劉書彬歡迎你的加入
如果你是青鳥 陳方隅歡迎你的加入
如果你是藍鷹 目前想不到有誰可以歡迎你 但會有的"
566,json:network.data.searchResults.edges[4].node.thread.thread_items[0].post.text_post_app_info.text_fragments.fragments[0].plaintext,"欸 我想上東吳那篇文被好多人看到 回應一下
首先 我有夠害羞 到時候沒上就尷尬 別笑我
其次 為什麼總有人喜歡對別人的夢想指指點點
：現在上東吳也要用想的喔⋯
：東吳？那什麼學校？
幹每個人的資質就不一樣 為什麼喜歡評論別人的大學
每次聽到這種就很躁
我就是知道自己的程度大概在私立大學
我覺得那些學長姊的說快逃 說早八很難到
這些都很正常也很好笑 我看得很開心也會回的很開心
但那些在吐這個大學的人是什麼意思幹
不理解欸我真的不理解 這是什麼心態
在別人想上大學的文下面貶低這個大學 情商很低。
學測生停不下這些 至少我聽不下
就算東吳再爛也輪不到你們酸言酸語
任何人想上的大學都不能被貶低 訓練一下情商。"
567,json:network.data.searchResults.edges[5].node.thread.thread_items[0].post.text_post_app_info.text_fragments.fragments[0].plaintext,"想問各位想讀商管類，目前只會留在台北，輔仁東吳淡江的企管我成績應該都會上，應該要怎麼選，有去東吳企管的博覽會聽起來蠻心動的，而且位置很方便，但上網查好像淡江跟輔仁的排名比較前面？輔仁位置也還可以那邊有房子可以搬過去，淡江就有點遠了，不過他排名好像是私立第一？（有誤請糾正）
現在真的很猶豫要不要三個都填，還有另一個問題我只對商業有興趣想不到其他可以填的志願，老師說我目前選的都是理想跟保底，問我要不要選個夢幻但我真的想不到😵‍💫😵‍💫
上網查排名很多都寫不一樣，我想選個講起來好聽一點的學校😖因為我應該會留台北，其他台北國立的大學分數都蠻高的，不然就是只能去沒興趣的科系，各位會怎麼選，請救救快瘋了的高中生"
568,json:network.data.searchResults.edges[6].node.thread.thread_items[0].post.text_post_app_info.text_fragments.fragments[0].plaintext,東吳政治面起來很輕鬆的感覺耶耶耶 比我想像中的好 而且蠻多聊天的部分
569,json:network.data.searchResults.edges[7].node.thread.thread_items[0].post.text_post_app_info.text_fragments.fragments[0].plaintext,東吳社工備49有救嗎
570,json:network.data.searchResults.edges[8].node.thread.thread_items[0].post.text_post_app_info.text_fragments.fragments[0].plaintext,我面試教授問我東吳￼經濟跟輔仁經濟你會選哪個，東吳的我面完了，我就說因為選修課程比輔仁還要豐富，￼如果明天輔仁也問我這個我要怎麼回￼，求救🙏
571,json:network.data.searchResults.edges[9].node.thread.thread_items[0].post.text_post_app_info.text_fragments.fragments[0].plaintext,謝謝東吳企管讓我們看起來像是要去男模店上班
572,json:network.data.searchResults.edges[0].node.thread.thread_items[0].post.text_post_app_info.text_fragments.fragments[0].plaintext,"東吳的那個狀況真的好誇張⋯⋯
沒辦法想像原本正取的人突然變成備取會有多難過"
573,json:network.data.searchResults.edges[1].node.thread.thread_items[0].post.text_post_app_info.text_fragments.fragments[0].plaintext,冷知識：從文化大學只要騎車1分鐘就可以到東吳，再騎10分鐘就可以到政大。
574,json:network.data.searchResults.edges[2].node.thread.thread_items[0].post.text_post_app_info.text_fragments.fragments[0].plaintext,"幹幹幹東吳輔仁誰愛去誰去
先放榜把我排那麼後面害我以為北大我不會過
結果北大正取啦哈哈哈哈哈哈哈哈哈哈哈哈哈哈哈哈哈哈哈哈哈哈哈哈哈哈哈哈哈哈哈哈哈哈哈哈哈哈哈哈哈哈哈哈哈哈哈哈哈哈哈哈哈哈哈哈哈哈哈哈哈哈哈哈哈哈哈哈哈哈哈哈哈哈哈哈哈"
575,json:network.data.searchResults.edges[2].node.thread.thread_items[0].post.accessibility_caption,"Photo by 妞妞 on May 27, 2026. May be an image of timer, crossword puzzle and text that says '國立臺北大學 學法律學系司法組 正26 112 112****4 112#**4東吳大學法律學系 東吳大學法律學系 東吳大學 法律學系 呂*瞪 輔仁大學法律學系 輔仁大學 法律學系 考：國立虎尾高中 國立中正大學 國立中正大學法律學系法學組 法律學系法學組 正26 備53 備！ 正43 正7'."
576,json:network.data.searchResults.edges[3].node.thread.thread_items[0].post.text_post_app_info.text_fragments.fragments[0].plaintext,"請問輔大資管 （備3）有機會上嗎？
東吳企管
嘉大 數位設計與管理選系
選呢個比較好呢？
可以給點意見嗎"
577,json:network.data.searchResults.edges[4].node.thread.thread_items[0].post.text_post_app_info.text_fragments.fragments[0].plaintext,"東吳的宿舍很酷 八個人一間
然後還會把不同系的人放在一起住（用生活習慣分的）
因為這樣剛剛才可以聽到我的社會系室友跟社工系室友在討論刑法跟安樂死（完全是我沒辦法參與的話題 認真關注社會議題的人都非常厲害…）
可以八個人到現在都還蠻好的
住一起的時候也沒吵架過 真的是奇蹟(￣∇￣)
愛室友們！"
578,json:network.data.searchResults.edges[5].node.thread.thread_items[0].post.text_post_app_info.text_fragments.fragments[0].plaintext,"本次個人申請事件的說明
（轉貼自東吳大學政治學系臉書）
相信這件事情讓許多考生和家長感到錯愕
身為準備畢業的學生 我還是非常推薦學弟妹就讀東吳政治
也希望各位學弟妹未來可以在東吳政治發光發熱"
579,json:network.data.searchResults.edges[6].node.thread.thread_items[0].post.caption.text,@meta.ai 我大東吳資管評價如何
580,json:network.data.searchResults.edges[0].node.thread.thread_items[0].post.text_post_app_info.text_fragments.fragments[0].plaintext,"大家好，我是今年考完的學測生
我的成績
國文：10級
英文：8級
數B：6級
社會：11級
我的目標是個申東吳國貿
如果沒上的話分科公民去東吳企管
我也希望能順利申請上海某大學然後東吳休學。我的數學不太好，所以我會選擇比較沒有高數的工商管理學或市場營銷學系。
雖然我的目標不是就業，只是想要開開遠界在上海好好讀個大學畢業。
我父母給我了一些錢，如果我去上海大概4年就花完了，但是在台灣我想在熊市中購買比特幣長期持有。
我現在蠻猶豫要怎麼樣選
我的心中一直還是有去上海讀書的想法"
581,json:network.data.searchResults.edges[2].node.thread.thread_items[0].post.accessibility_caption,"Photo by Zhaoyichang on May 27, 2026. May be an image of text that says '輔仁大學日本語文學系 輔仁大學 日本語文學系 東吳大學 東吳大學日本語文學系 日本語文學系 正36 東吳大學 東吳大學法律 法律學系 正42 輔仁大學法律學系 輔仁大學 法律學系 備87 備25'."
582,json:network.data.searchResults.edges[4].node.thread.thread_items[0].post.caption.text,請銳評東吳英文系廖唯善秘書 越尖銳越好 @meta.ai
583,json:network.data.searchResults.edges[5].node.thread.thread_items[0].post.text_post_app_info.text_fragments.fragments[0].plaintext,謝謝東吳 我是大學生了
584,json:network.data.searchResults.edges[5].node.thread.thread_items[0].post.accessibility_caption,"Photo by @junkai_.0504 on June 10, 2026. May be an image of text that says 'Today8:28AM AM Today 8:28 115申請入學朱峻楷獲分發至東吳 大學經濟學系；結見 系；結果以甄選委員 會網路公告為準。'."
585,json:network.data.searchResults.edges[6].node.thread.thread_items[0].post.text_post_app_info.text_fragments.fragments[0].plaintext,"警專戰士個申亂填當保險結果六中五
這樣還要去考嗎
原本是真的沒想過會上
台南行政管理學系
東吳政治
東吳會計
銘傳犯罪防治
東海國際經營貿易"
586,json:network.data.searchResults.edges[7].node.thread.thread_items[0].post.text_post_app_info.text_fragments.fragments[0].plaintext,東吳企管贏爆！那個我們就是有錢我真的笑爛
587,json:network.data.searchResults.edges[8].node.thread.thread_items[0].post.text_post_app_info.text_fragments.fragments[0].plaintext,後天去東吳城中面試需要準備什麼
588,json:network.data.searchResults.edges[0].node.thread.thread_items[0].post.text_post_app_info.text_fragments.fragments[0].plaintext,"東吳大學真的優質
今天來東吳大學第一哩路上課
心想，這時候還願意用心
於新生訓練的學校越來越少
因為光是少子化還有經費縮編
很多活動很減少取消縮小就好
..
還有一些學校
有制度培訓一群熱情學長姐
帶學弟妹認識新環境新生活
我覺得是很優良的傳統
轉眼在東吳上課也來到第11年
走過了很多不同的大專院校服務培訓
我真心覺得，東吳的學生很「活」
是一群讓人覺得很貼近
又很有希望感的學長姐。
突然懷念那些日子
我也曾當過新生，也陪伴過新生
也感謝有一群人，在第一時間
幫助我開啟豐富精彩的大學人生"
589,json:network.data.searchResults.edges[1].node.thread.thread_items[0].post.text_post_app_info.text_fragments.fragments[0].plaintext,"（去年）法律系面試的經驗 北大、東吳、成大
難度：成大最高，其他差不多
氛圍：東吳最嚴肅，成大次之
推薦指數：北大（喔為什麼沒有其他兩個，因為唯一推薦北大）
細節約如下：
北大有兩關，會問「學習歷程」的內容，及「未來的目標」。整體氛圍較輕鬆，從準備時學長姐就很努力讓我們不要那麼緊張。還有他們很貼心，我去面試的時候其實有點感冒，工作人員還特別說，漢翔有一點感冒，我哭爛🥺🥺
東吳也會問跟「學習歷程」相關的，還有你「對他們系」的看法（我就是在這裡講他們學校壞話的）整體很嚴肅，他會把你們關在，喔不是集中在一個教室裡，坐滿人可能幾十個上百個，教室超級冷，也沒人在講話落針可聞的那種，大家都不知道在幹嘛，然後一批一批叫去面試，前面會有一個學長站在那邊（不知道要幹嘛）
成大是集體面試（三個人），前面有五個教授。問題跟學習歷程沒有半點關係，會問你讀法律的動機與目的，與一些吵的比較兇的時事（國內外都會有），像是墮胎，我回的稀巴爛，根本胡言亂語，（等我上完英美法導論才知道那是多難的問題）高中生最好會。
續"
590,json:network.data.searchResults.edges[2].node.thread.thread_items[0].post.carousel_media[0].accessibility_caption,"Photo by 林可 on May 17, 2026. May be an image of ticket stub, money, train, calendar and text that says 'SOOCHOW UNIVERSITY 115 SOOCHOWUNIVERSITY SOOCHOWUNIVERSITY© 政治學系個申面試 SCUPS 林可 可 林 E05 月 日期 05/16 05/16（六） （六） 地點 東吳大學雙溪校區 第二教研大樓10樓'."
591,json:network.data.searchResults.edges[7].node.thread.thread_items[0].post.text_post_app_info.text_fragments.fragments[0].plaintext,"面試東吳，信心全無
反正教授問了幾個沒有很意外的問題
但我覺得我回答的不夠好，沒有回答到點上
1.時事議題，你最近關心國內外什麼大小事
（這是徐宥霖面試前問過我的啊啊啊）
2.你覺得政治冷感能碰政治嗎
（我覺得能）
3.松山高中競爭環境怎麼樣
（我覺得我回答超爛）
4.你分配學習時間比例是多少
（我就爛）
5.你在公民課最喜歡什麼部分
（我還回答傑利蠑螈，我不知道我在幹嘛）
6.你有什麼參與的比賽活動印象深刻
（公民行動方案）
7.你希望參加政治系學習什麼能力
（我忘記我回答什麼了）
總結而言：第一次面試不會很緊張但表達能力待加強"
592,json:network.data.searchResults.edges[8].node.thread.thread_items[0].post.text_post_app_info.text_fragments.fragments[0].plaintext,來東吳外雙溪面試會緊張的人可以找我 我會穿得很邋遢的安慰你
593,json:network.data.searchResults.edges[9].node.thread.thread_items[0].post.text_post_app_info.text_fragments.fragments[0].plaintext,"東吳政治我來了 正取18 謝謝各位
下班了"
594,json:network.data.searchResults.edges[0].node.thread.thread_items[0].post.text_post_app_info.text_fragments.fragments[0].plaintext,東吳水師 紮營地訓練
595,json:network.data.searchResults.edges[1].node.thread.thread_items[0].post.text_post_app_info.text_fragments.fragments[0].plaintext,今天的東吳有點太幸福了
596,json:network.data.searchResults.edges[2].node.thread.thread_items[0].post.text_post_app_info.text_fragments.fragments[0].plaintext,"輔仁經濟備取
輔仁企管正取
東吳經濟正取
好猶豫要去哪裡😭😭
最想去輔仁經濟
看去年的備取數感覺也蠻有機會的
但我有點擔心我的數學…
微積分還可以
但其他的在高中階段就快要我的命了
我只是因為公民的供需理論跟市場機制那些才有興趣的啊啊啊
企管不到排斥有一點點小小興趣
東吳去的機會應該很小
抱歉了教授我騙了你（#
有沒有學長姐講一下經濟的數學會很難嗎🥹
或者有沒有未來可能的同學來認親一下😆"
597,json:network.data.searchResults.edges[5].node.thread.thread_items[0].post.text_post_app_info.text_fragments.fragments[0].plaintext,"【東吳雨勢狀況最新消息】
經教務處決議，學校稍後將於 TronClass 發布通知，請老師們於特大豪雨期間從寬處理學生出缺席，依實際情形彈性調整分數，並請學生評估安全狀況。
因應近期天氣狀況，提醒同學注意以下事項：
1️⃣ 校內部分地區（如樹枝易掉落區、治洪網球場）已暫時封鎖，請同學勿靠近以維護安全。
2️⃣ 學校將依據台北市政府公開資訊，即時監控校園周邊安全狀況。
3️⃣ 如有最新防災訊息，將於第一時間公告。
針對雙溪校區停車場淹水疑慮，
同學可將機車暫停於校區周邊停車格，並留意行走安全。校安中心回覆目前校內停車場尚無淹水情況。若天候變化導致有淹水前兆，校安中心會透過監視系統即時掌握，警衛室也會在第一時間聯絡相關單位處理。若您擔心愛車安全，也可暫時將機車移至校區周邊停車格以降低風險。
📢 提醒同學：
近期雨勢仍不穩定，外出時請留意地面濕滑及低窪積水狀況，並預留通勤時間，注意自身安全。請同學出門時多加留意路況，並優先使用大眾運輸工具，平安最重要！"
598,json:network.data.searchResults.edges[5].node.thread.thread_items[0].post.carousel_media[0].accessibility_caption,"Photo by 東吳大學69屆學生會 on October 21, 2025."
599,json:network.data.searchResults.edges[1].node.thread.thread_items[0].post.text_post_app_info.text_fragments.fragments[0].plaintext,"給新生讀東吳更加輕鬆的幾個小方法：
1. 不要排557，真的乾脆用走的比較快，身體健康、掌握時間，時間就是金錢，不然有可能在排隊的過程中窮到被鬼抓走。
2. 不要排學餐，真的乾脆吃7-11，吃7-11其實也可以吃的很健康，不然有可能在排隊的過程中餓死，還可以省錢，又再次避免被鬼抓走。
3. 比起寄望選課系統，不如靠人工加簽，這是讓你不用再另外花時間去輔導室，提前預防躁鬱症的方法。
（政治系的學生，請搞清楚你到底要不要考國考，沒有要考就不要選那幾個考國考很厲害的老師，你會感謝你自己的。）"
600,json:network.data.searchResults.edges[6].node.thread.thread_items[0].post.text_post_app_info.text_fragments.fragments[0].plaintext,不愛校的請滑走，我錄取的學校是城中東吳大學，我最喜歡的動物是貓，我最喜歡的飲料是超商（沒有飲料店），我最喜歡的湖是內湖（沒有湖），我最喜歡的音樂祭是YouTube music（沒有音樂祭），我最喜歡的圖書館是地閱，我最喜歡的道路是貴陽街，我最喜歡的學院是五大，我最喜歡的休憩地是地閱（沒有休憩地），我最喜歡的餐廳是六大超商（沒有好吃的學餐），我最喜歡的歌是東吳校歌，最喜歡的英文是SCU，最喜歡的交通工具是板南線！我最喜歡的校園活動是地閱讀高等微積分，我最喜歡的校長是東吳校長（根本不知道），我錄取的科系是財精系
601,json:network.data.searchResults.edges[7].node.thread.thread_items[0].post.text_post_app_info.text_fragments.fragments[0].plaintext,"為什麼我同學填輔大東吳私立的他們面試這麼緊張啊
一直擔心沒辦法錄取
是招生名額很多的系
明明備取備到超後面也還可以上餒？"
602,json:network.data.searchResults.edges[8].node.thread.thread_items[0].post.text_post_app_info.text_fragments.fragments[0].plaintext,也是收到東吳政治的錄取通知書了
603,json:network.data.searchResults.edges[9].node.thread.thread_items[0].post.text_post_app_info.text_fragments.fragments[0].plaintext,今天在東吳經濟面試的時候遇到一個超好的人在我前面一個面試 她人超好還跟我說可以啦教授人都很好😭😭😭 我原本緊張到扭手
604,json:network.data.searchResults.edges[0].node.thread.thread_items[0].post.caption.text,@meta.ai 東吳資管排名
605,json:network.data.searchResults.edges[4].node.thread.thread_items[0].post.text_post_app_info.text_fragments.fragments[0].plaintext,"我選擇繼續留在東吳政治而不是轉去東吳法律的原因？
○資源很多
○師資出眾
○排名靠前
○環境良好
○學生素質高
●我就算轉進去也考不上律師"
606,json:network.data.searchResults.edges[2].node.thread.thread_items[0].post.text_post_app_info.text_fragments.fragments[0].plaintext,"東吳大學的日文系確實有一些獨特的優勢，這些優勢可能吸引你選擇東吳而不是輔大。以下是幾個突出的理由
綜合課程設計
東吳日文系的課程設計非常全面，不僅涵蓋語言學習的四個基本技能（聽、說、讀、寫），還包括日本經濟、社會、文化等多方面的選修課程。這樣的多元化課程設置可以幫助學生全方位地理解和掌握日本文化。
師資力量
東吳日文系的師資力量雄厚，許多教授在日本有深厚的學術背景和研究經驗。他們不僅具有高水平的教學能力，還能提供前沿的學術資訊和研究指導。
國際交流機會
東吳大學與多所日本知名大學有著密切的交流合作，學生有豐富的機會參加交換生計畫和短期留學項目。這些國際交流機會不僅有助於提高日語能力，還能讓學生親身體驗日本的生活和文化。
校園氛圍與學生活動
東吳大學的校園環境優美，學術氛圍濃厚。日文系的學生社團活動豐富多彩，學生可以參加各種與日本文化相關的活動，如日語演講比賽、文化祭等，這有助於增進實際運用日語的能力。
歷史傳統與聲譽
東吳大學歷史悠久，其日文系在學術界有一定的聲譽。畢業生在社會上有良好的口碑，這對於未來的職業發展也是一個有力的支持。"
607,json:network.data.searchResults.edges[6].node.thread.thread_items[0].post.text_post_app_info.text_fragments.fragments[0].plaintext,"明天東吳不會去喔🤣🤣
老闆怕甜點整個被水沖走🤟
我們下學期見"
608,json:network.data.searchResults.edges[7].node.thread.thread_items[0].post.text_post_app_info.text_fragments.fragments[0].plaintext,"台灣大學（台大）：全台頂尖腦袋集中營
成功大學（成大）：工程師養成所
交通大學（交大）：理工宅的天堂
清華大學（清大）：科技新貴的秘密基地
政治大學（政大）：學霸與嘴砲高手共存
師範大學（台師大）：未來老師的秘密基地
輔仁大學（輔大）：文青與偶像派混血
世新大學（世新）：媒體魂滿滿
中興大學（中興）：農業＋科技雙修
東海大學（東海）：文青、風車、夢想家
淡江大學（淡江）：英文好，但愛曬校園美景
中山大學（中山）：海邊讀書的爽感
高雄醫學大學（高醫）：白袍與護理魂集中
長庚大學（長庚）：醫學＋科技雙修
台北科技大學（北科大）：工程師＋創客的天堂
中原大學（中原）：理工宅男多，偶爾文藝
東吳大學（東吳）：法學與氣質並重
文化大學（文大）：藝術魂爆棚
實踐大學（實踐）：設計魂與創意爆發
逢甲大學（逢甲）：商業與夜市魂結合
中華大學（中華）：理工＋管理的奇妙混搭
台北大學（北大）：政治＋法律魂在這裡聚集
輔英科技大學（輔英科大）：應用科學的新秀培育所
義守大學（義守）：北漂夢＋南漂魂共存
銘傳大學（銘傳）：行銷與傳播高手基地
世新科技大學（世新科大）：媒體小巨人"
609,json:network.data.searchResults.edges[8].node.thread.thread_items[0].post.caption.text,"幫東吳評分夯到拉
7-11有打88折（人上人）
軍訓室可以借麥當勞甜心卡（頂級）
聖誕節放假 24號也放假（夯）
✨東吳大學「開箱東吳」就在今天✨（夯爆了）"
610,json:network.data.searchResults.edges[9].node.thread.thread_items[0].post.text_post_app_info.text_fragments.fragments[0].plaintext,選 東吳物理 還是 中原土木 啊
611,json:network.data.searchResults.edges[0].node.thread.thread_items[0].post.text_post_app_info.text_fragments.fragments[0].plaintext,祝我等等東吳面試也順利🙏🙏
612,json:network.data.searchResults.edges[1].node.thread.thread_items[0].post.text_post_app_info.text_fragments.fragments[0].plaintext,"我也來發
我爸：交大電機所
我媽：美國喬治華盛頓大學
我哥：台大會計所
我：東吳政治
抱歉我又拉低平均了 就我在醜🤡"
613,json:network.data.searchResults.edges[2].node.thread.thread_items[0].post.text_post_app_info.text_fragments.fragments[0].plaintext,"感謝東吳大學
也感謝企管系學會
更謝謝今天幫我阿公加油的每位同學
最開心的不是拿到獎項
而是你們對我和阿公的支持和加油！
（平常不注意不知道一看發現東吳漂亮的女孩很多欸尤其喊最大聲的🤣🙏）"
614,json:network.data.searchResults.edges[3].node.thread.thread_items[0].post.text_post_app_info.text_fragments.fragments[0].plaintext,東吳社工錄取我錄取我錄取我我求你錄取我錄取我正取我正取我取我取我
615,json:network.data.searchResults.edges[5].node.thread.thread_items[0].post.user.full_name,《政鋒相對》 2026東吳政治營X模擬台海防禦性公投
616,json:network.data.searchResults.edges[6].node.thread.thread_items[0].post.accessibility_caption,"Photo by 羽🪽 on May 01, 2026. May be an image of text that says '迎您的加入。 培養各類實用能力， 誠 3: 哪些課程學習成果適合中文系？ 東吳中文重視語文的審美創造、資料的調查 資料的調查判讀、 概念的建構反思 美自隨、資料的調查判服、概念的建關反恩，救足以屏 故足以展 人在語文的創造能力 應用能力 統整能力與批判能力者， 力、統整能力與批判能力者，皆屬合遭。諸如散 皆屬合適 諸如散 小說 新詩等文類的創作 書評 劇評 劇評、影評、社論等類型的評析， 炭評 社論等類型的評析 人文社會主 小論文， ，各類著作的讀書心得， 班刊 校刊 同人雜誌 個人電子報等紙本或數 七編採作品， 乃至詩文吟誦音檔 宇音字形的應用能力展現， 皆有助於獲得審查委 青膝。 若有獲獎紀錄， 亦可一併附上。 24： 哪些多元表現跟中文系有關？ 高中時若有參加 「校内外語文相關競賽」、 「小論文競賽」 的獨獎成果 或「外 （如 檢定證明」 優秀證明， 將能使老師留下深刻的印象。 或曾經參加語文相關社團 或參與經驗的深刻省思 參與經驗的深刻省思，也能讓老 也能讓老 論社 校利社， 新聞社等） 並能提出具體成果'."
617,json:network.data.searchResults.edges[5].node.thread.thread_items[0].post.text_post_app_info.text_fragments.fragments[0].plaintext,幹幹幹幹東吳企管備取153上了
618,json:network.data.searchResults.edges[6].node.thread.thread_items[0].post.text_post_app_info.text_fragments.fragments[0].plaintext,"有沒有今年東吳社會的（好像很少人～！）
有任何問題或想知道的歡迎來問。"
619,json:network.data.searchResults.edges[6].node.thread.thread_items[0].post.accessibility_caption,"Photo by 張簡宥盛 on June 11, 2026. May be an image of text that says '<160 < 160 +886 +886911-543-159 訊息・ 訊息·SMS SMS 今天 今天07：58 07:58 14申請入學張簡宥盛獲分發至東吳大 學社會學系 結果以甄選委員會網路 公告爲準。'."
620,json:network.data.searchResults.edges[7].node.thread.thread_items[0].post.text_post_app_info.text_fragments.fragments[0].plaintext,"面完東吳中文ㄌ開心
除了讓我用閩南語朗讀文言文有點困難以外其他問題都沒有太刁難我😋
基本上都是從備審資料上面問
沒有問對科系有什麼期待或是太詳細的未來規劃相關的問題
只有簡單帶一點點
啊啊啊教授們看起來都很好"
621,json:network.data.searchResults.edges[8].node.thread.thread_items[0].post.text_post_app_info.text_fragments.fragments[0].plaintext,"我現在才看到東吳英文學系要全英文面試
還好另一個科系也要所以有準備自我介紹
但我還看到之前的二階有筆試是什麼意思😭😭每屆規則不一樣嗎我不懂😭😭"
622,json:network.data.searchResults.edges[9].node.thread.thread_items[0].post.text_post_app_info.text_fragments.fragments[0].plaintext,最近開學脆一直給我看正妹但點進去都是輔大的是怎樣啦！拜託來東吳的 東吳大學
623,json:network.data.searchResults.edges[9].node.thread.thread_items[0].post.text_post_app_info.text_fragments.fragments[0].plaintext,"大家都在曬這個，好吧，學生獲通過，身為指導老師也與有榮焉囉
今年本系通過了八位，學生跟老師們都很讚啊！恭喜這些獲通過的學生們！
#國科會大專生
#東吳社會系"
624,json:network.data.searchResults.edges[2].node.thread.thread_items[0].post.text_post_app_info.text_fragments.fragments[0].plaintext,"大家好，我是東吳大學第三十七屆學生議員 林士軒
針對校內「中正圖書館更名」及「銅像拆遷」議題，昨日有記者致電詢問本人立場，在此提出以下看法：
第一，歷史與制度都應隨著時代發展而調整。然而「與時俱進」並不意味著徹底抹去過往，也不代表全盤保留，而是需要在尊重歷史記憶與呼應當代價值之間，尋求適切的平衡。
第二，東吳大學素來以龐大的校友資源著稱。許多建築與校園資源皆承載著校友的捐助與情感，這些記憶與付出值得被看見。因此，在推動此類重大變革之前，應廣泛聽取校友的意見，並將其納入決策過程。
第三，東吳大學的校訓「養天地正氣，法古今完人」係由蔣中正撰寫，並由孫中山親筆題字。無論各界對歷史人物有何不同評價，蔣中正與東吳之間確實存在特別的歷史情誼，這段脈絡不應被忽略，而是應納入理性討論之中。
綜合以上，我認為此議題並非簡單的「保留」或「拆除」二元選擇，而是如何在歷史、情感與價值之間，凝聚東吳師生與校友共同的共識。"
625,json:network.data.searchResults.edges[3].node.thread.thread_items[0].post.text_post_app_info.text_fragments.fragments[0].plaintext,東吳政治男團 今日畢業 明日出道
626,json:network.data.searchResults.edges[4].node.thread.thread_items[0].post.text_post_app_info.text_fragments.fragments[0].plaintext,"我合理懷疑靜宜大學有宵禁
因為我一個長得像大學生本身也是大學生的人進學校竟然會被攔 怎麼會
東吳根本就像公園一樣隨便大家進"
627,json:network.data.searchResults.edges[5].node.thread.thread_items[0].post.text_post_app_info.text_fragments.fragments[0].plaintext,從2006進來東吳法律，念了碩士博士出國回來（甚至連替代役都在隔壁的高檢署…）。從2021年開始教書，在城中校區的生活已經18年了٩( ᐛ )و
628,json:network.data.searchResults.edges[6].node.thread.thread_items[0].post.text_post_app_info.text_fragments.fragments[0].plaintext,"「點燈遠航，逐夢東吳。」
5/15(五) - 5/17(日) 是東吳大學申請入學第二階段甄試的日子。
為了迎接即將加入東吳大家庭的你，我們特別準備了專屬驚喜——「學院紀念燈箱」。
每一盞燈箱溫暖和煦的療癒光芒，誠摯祝福每位考生，
希望這份微光，能照亮你的大學路。
預祝所有考生發揮實力，金榜題名！
到校參與甄試，獲得這份限量紀念品～
我們在東吳，期待與你見面❤️
#六大學院六種樣式
#猜猜他們各代表哪個學院呢"
629,json:network.data.searchResults.edges[6].node.thread.thread_items[0].post.accessibility_caption,"Photo by 東吳大學招生組 on May 13, 2026. May be an image of matchbook, chocolate bar, spice rack, hand cream, rack, bar soap, hamper, wafer and text."
630,json:network.data.searchResults.edges[9].node.thread.thread_items[0].post.text_post_app_info.text_fragments.fragments[0].plaintext,"在這邊奉勸上榜東吳社會的學弟妹
一、去讀英文 最好是偏學術或雜誌期刊的 練一下原文文獻閱讀能力 然後去考多益550抵英文學分
二、先開始準備複習統計數學 製圖 查表都要會一點點
三、開始準備社交 社會系很多分組報告課
如果以上都做不到 至少要做到以下這個
：去訂閱專業版GPT"
631,json:network.data.searchResults.edges[0].node.thread.thread_items[0].post.text_post_app_info.text_fragments.fragments[0].plaintext,"我就是法律女啊（吼
來自東吳法男的見解
各位怎麼看"
632,json:network.data.searchResults.edges[0].node.thread.thread_items[0].post.accessibility_caption,"Photo by 講故事的狗（備考中，佛系更新） on May 01, 2024."
633,json:network.data.searchResults.edges[4].node.thread.thread_items[0].post.text_post_app_info.text_fragments.fragments[0].plaintext,"來分享一下一階，雖然最想要的成大沒上
大學：陽交大管理組、東吳會計、企管、嘉義企管、海大航管
科大：台科大管理、高科國際企業、高科航管"
634,json:network.data.searchResults.edges[5].node.thread.thread_items[0].post.carousel_media[0].accessibility_caption,"Photo by 東吳大學校友服務暨資源拓展中心 on September 26, 2024."
635,json:network.data.searchResults.edges[6].node.thread.thread_items[0].post.text_post_app_info.text_fragments.fragments[0].plaintext,"東吳法教授人很好！都笑笑的問問題😁
一樣都是從備審問的 有準備都不用擔心！"
636,json:network.data.searchResults.edges[7].node.thread.thread_items[0].post.text_post_app_info.text_fragments.fragments[0].plaintext,"好啦，還是發一點正面的。
今天是東吳大學的校務會議，
兩個轉型正義的案子雖然沒有照案通過，
但校長有說下學期一定就會就圖書館跟銅像的部分進行處理。
雙溪Q棟（🧑‍🏫研究室）之後會拆掉，
蓋成新的學生宿舍。
至於校地擴大部分，
往山上蓋，地主要求整片買「買不起」，
往中影蓋，校長說中影「不動如山」。
最後有稍微提了一下葉丙成事件，
東吳校方在整件事的處理跟應對方式；
但校長的答覆仍然令我覺得十分失望，
無奈時間不夠，
只能6/4校長餐敘再繼續追問ㄌ。
還有，校長遴選委員會的學生代表席次再次胎死腹中。
東吳大學 東吳大學"
637,json:network.data.searchResults.edges[8].node.thread.thread_items[0].post.text_post_app_info.text_fragments.fragments[0].plaintext,分科希望能上東吳企管......
638,json:network.data.searchResults.edges[0].node.thread.thread_items[0].post.text_post_app_info.text_fragments.fragments[0].plaintext,"請要畢業的同學多多注意哦 😊
#東吳政治"
639,json:network.data.searchResults.edges[0].node.thread.thread_items[0].post.accessibility_caption,"Photo by 東吳大學政治學系 on June 09, 2026. May be an image of crossword puzzle and text."
640,json:network.data.searchResults.edges[3].node.thread.thread_items[0].post.text_post_app_info.text_fragments.fragments[0].plaintext,"幼稚園：我要當麗娜（碧色珍珠音調～🎵）
國小低年級：我要當月之星（有時候是奈亞公主）
國小中年級：我！要！當！老師～～～
國小高年級：我們說好不～分離 要一～直一直在一起
國一：數理資優
國二：我要成為生物科技研發員
國三：我要考高師附中
高一：鳳新
高二：我要考清大資工
高三：我要考北醫醫檢
大一：東吳微生物
現在：我要成為海賊王
人生就是不斷的返璞歸真🥹"
641,json:network.data.searchResults.edges[5].node.thread.thread_items[0].post.caption.text,請尖銳評價東吳大學英文系廖唯善秘書 @meta.ai
642,json:network.data.searchResults.edges[0].node.thread.thread_items[0].post.caption.text,"聽說今天學測正是分發！
￼
一起曬出你的分發簡訊
歡迎大家來東吳大學
下收新生社群！￼"
643,json:network.data.searchResults.edges[3].node.thread.thread_items[0].post.text_post_app_info.text_fragments.fragments[0].plaintext,"幹我這次要選什麼通識課啊
坐等東吳人來回答"
644,json:network.data.searchResults.edges[4].node.thread.thread_items[0].post.text_post_app_info.text_fragments.fragments[0].plaintext,要選東吳哲學還是中文🥲
645,json:network.data.searchResults.edges[3].node.thread.thread_items[0].post.text_post_app_info.text_fragments.fragments[0].plaintext,"東吳算學店喔？之前還有看到他罵輔大
很好奇這種引戰的人生活到底都過得怎樣"
646,json:network.data.searchResults.edges[4].node.thread.thread_items[0].post.text_post_app_info.text_fragments.fragments[0].plaintext,明天東吳新生報到 有同屆的嗎？
647,json:network.data.searchResults.edges[2].node.thread.thread_items[0].post.carousel_media[7].accessibility_caption,"Photo by 𝐋 on June 07, 2026. May be an image of ‎volleyball, basketball and ‎text that says '‎조 FAM WORK FAM_WORK HUP REESTE OLERGA TEAMPLAY کاار 吳企會 東吳企管 VERSTA 東企管 東吳企管 8 .....N.‎'‎‎."
648,json:network.data.searchResults.edges[2].node.thread.thread_items[0].post.text_post_app_info.text_fragments.fragments[0].plaintext,"今年的學測生 想報東吳政治或東吳會計
（成績都是壓線達到去年的標準所以也不確定到底上不上得了）
不知道有沒有什麼推薦
我猶豫的點：
-會計
優：感覺是東吳比較好的科系 且未來規劃也蠻明確
缺：我個人比較喜歡法律相關的科系
-政治
優：感覺能修到法律相關的課程 之後無論轉系考或考研究所會比較熟悉
缺：對政治系的興趣其實不深
有聽說轉系考其實很困難 我本人成績蠻普通的所以也因此有點擔憂 不知道怎麼選擇"
649,json:network.data.searchResults.edges[3].node.thread.thread_items[0].post.text_post_app_info.text_fragments.fragments[0].plaintext,"東吳日文、世新日文
本人目前在思考這兩所
我知道東吳一定比較好，只是突然開始察覺到自己是否真的想繼續學日文這件事（高中應日科畢業）
感覺讀東吳的話，未來基本上就會一直走日文這條路了，但如果去世新不知道有沒有機會轉系或輔系然後未來往媒體方面走
本人也想去交換留學，感覺去東吳的話競爭會比較大，課業應該也會相對重。
希望有有經驗的人可以給我點建議。謝謝！"
650,json:network.data.searchResults.edges[3].node.thread.thread_items[1].post.text_post_app_info.text_fragments.fragments[0].plaintext,"那個可以好奇一下你的二階成績嗎😭😭我也有填東吳
可以私我"
651,json:network.data.searchResults.edges[3].node.thread.thread_items[0].post.text_post_app_info.text_fragments.fragments[0].plaintext,"東吳法大四生共同經歷：
跟其他同屆大四畢業的朋友一起拍學士服
假裝自己也畢業了🚬 結果還有一年
回板中復刻場景 ：上課睡覺"
652,json:network.data.searchResults.edges[7].node.thread.thread_items[1].post.text_post_app_info.text_fragments.fragments[0].plaintext,"去年東吳社工來了一個在醫療社會工作領域耕耘一陣子的謝文中教授，評價很高、是一個在醫療領域有很多實務經驗還有學術研究的教授！他除了專精醫療，還有科技社會工作與災難社會工作等等。
目前東吳社工除了醫療社會工作也有精神醫療專業的教授萬心蕊老師，雖然他已經可以退休了，但他還是選擇繼續在學校教精神醫療的課程，可以在網路上打萬師的名字，他做了很多精神議題的相關研究。
如果最後選擇了東吳，很推薦休這兩個老師的課！
（順便說一下，如果未來有機會到醫院實習，實務界對文中老師的評價很高，自然也會很看好他帶的學生）"
653,json:network.data.searchResults.edges[5].node.thread.thread_items[1].post.text_post_app_info.text_fragments.fragments[0].plaintext,"這兩間秒選東吳
法律系來說東吳跟中正資源差太多
但還是要講一下
東吳學費比較貴"
654,json:network.data.searchResults.edges[6].node.thread.thread_items[0].post.text_post_app_info.text_fragments.fragments[0].plaintext,"東吳大學 經濟系 張X俞同學，妳的學生證（悠遊卡）掉在台北市中正區漢口街，是否有人認識協尋通知本人？明日再打電話問城中校區
#東吳大學"
655,json:network.data.searchResults.edges[2].node.thread.thread_items[0].post.caption.text,"請銳評東吳企業管理學系，越刺耳越好
@meta.ai"
656,json:network.data.searchResults.edges[3].node.thread.thread_items[1].post.text_post_app_info.text_fragments.fragments[0].plaintext,我放棄東吳你祝福我上北大好不好
657,json:network.data.searchResults.edges[3].node.thread.thread_items[1].post.accessibility_caption,"Photo by 葉忱奕 on May 28, 2026. May be an image of crossword puzzle and text that says '備6 112****2 112 ***2 葉*奕 考：國立臺南一中 國立臺北大學法律學系法學組 國立臺北大學 法律學系法學組 備6 國立中興大學 法律學系 東吳大學法律學系 東吳大學 法律學系 備3 正84'."
658,json:network.data.searchResults.edges[1].node.thread.thread_items[0].post.text_post_app_info.text_fragments.fragments[0].plaintext,"東吳政治正取3
特殊選才上了😭😭😭
真的好想哭😭😭😭
給大家吸吸歐氣！
特殊選才"
659,json:network.data.searchResults.edges[0].node.thread.thread_items[0].post.text_post_app_info.text_fragments.fragments[0].plaintext,"明天就是投票日了，不知道大家還記得嗎？
東吳曾因為複雜因素而面臨到學生自治倒會、消失，今年是全面復甦的第一屆，而我有幸在入學時就能這樣安穩的參與下去，。如今，我們又面臨傳承，這會是一個很大的分界點，我們不能夠確信我們能不能安穩的交棒成功；我們也不能確定我們是否可以真正選「賢」與「能」。
但首先，我們一定要先找到定位，找到大家對於學生自治的想像，究竟學生自治應該要是一個與學校抗爭的角色，還是他應該要作為溝通窗口？再然，學生會跟學生議會又更應該扮演什麼樣的角色？
在我想像中，學生自治應該要如「非牛頓流體」一樣，遇柔則柔、遇剛則剛。我們應該盡到的角色是要想辦法提醒學生以及學校雙方該重哪些「權益」，我們也應該要在遇到重大事件時陪著同學衝鋒線陣。而我一貫也是如此，所以從高中參與學生自治以來，我協助多位學生完成學生權益申訴以及性平申訴，但同時也在校級會議內多多爭取不同福利。"
660,json:network.data.searchResults.edges[2].node.thread.thread_items[0].post.text_post_app_info.text_fragments.fragments[0].plaintext,"阿公
我考上國立大學了
#東華大學經濟學系"
661,json:network.data.searchResults.edges[2].node.thread.thread_items[0].post.accessibility_caption,"Photo by 吳小耿 on June 10, 2026. May be an image of pie and text that says '今天上午8：28 115申請入學吳歌昇獲分發全座 立東華大學經濟學系； 結果以甄 選委員會網路公告爲準。'."
662,json:network.data.searchResults.edges[5].node.thread.thread_items[0].post.text_post_app_info.text_fragments.fragments[0].plaintext,東吳大學有自己的吳宗憲
663,json:network.data.searchResults.edges[6].node.thread.thread_items[0].post.text_post_app_info.text_fragments.fragments[0].plaintext,東吳大學是走投無路的人在讀的
664,json:network.data.searchResults.edges[0].node.thread.thread_items[0].post.text_post_app_info.text_fragments.fragments[0].plaintext,"蓋個東吳樓，有誰也是東吳的
（真好奇誰會跟我同班，底下留言自己的科系與班級）"
665,json:network.data.searchResults.edges[5].node.thread.thread_items[0].post.accessibility_caption,"Photo by Stellara on May 29, 2026. May be an image of crossword puzzle, poster and text that says '南華大學 115學年度大學申請入學招生 錄取名單 059192 -文學系藝文創作組 名額類別： 名額類別：招生名額 招生名額 正取： 取：18名（先由左至右，再由上而下，依 依考 8名（先由左至右 再由上而下， 11250215 11248203 11170125 11229825 19410101 11169903 11228110 11226726 11151801 11063329 11071509 11262705 11230801 11217836 11245618 11101732 11279810 11279120 備取： 名（先由左至右， 再由上而下， 備取:5名（先由左至右，再由上而下，依考 依考 1127563211134018 11134018 11275632 11292618 11266335 11244805'."
666,json:network.data.searchResults.edges[6].node.thread.thread_items[1].post.text_post_app_info.text_fragments.fragments[0].plaintext,我們東吳人都稱自己為東吳水師
667,json:network.data.searchResults.edges[6].node.thread.thread_items[1].post.accessibility_caption,"Photo by 汪達律師 on June 29, 2026. May be an image of one or more people and text that says '翡翠台 我還要天下人臣服於我們東吳'."
668,json:network.data.searchResults.edges[2].node.thread.thread_items[0].post.text_post_app_info.text_fragments.fragments[0].plaintext,"想問如果成績在高雄大學 東吳商科 附近
逢甲 中原 高雄 東吳 輔仁
一類商科哪一個比較好啊啊啊啊
求解 焦慮死了"
669,json:network.data.searchResults.edges[4].node.thread.thread_items[0].post.text_post_app_info.text_fragments.fragments[0].plaintext,"東吳人～請跟我相認😍😍😍
東吳高職"
670,json:network.data.searchResults.edges[6].node.thread.thread_items[0].post.text_post_app_info.text_fragments.fragments[0].plaintext,"狂賀！
🎉本系吳婉如老師升等副教授🎉
～慈大後護系全體師生 敬賀～"
671,json:network.data.searchResults.edges[6].node.thread.thread_items[0].post.accessibility_caption,"Photo by 慈濟大學學士後護理學系 on July 03, 2025."
672,json:network.data.searchResults.edges[8].node.thread.thread_items[0].post.text_post_app_info.link_preview_attachment.title,台灣第一間私立大學有多厲害！＃狂打擾＃街訪 #搞笑＃東吳＃校園
673,json:network.data.searchResults.edges[3].node.thread.thread_items[0].post.text_post_app_info.text_fragments.fragments[0].plaintext,#嘉邑#東吳高職#想你的風還是吹到東吳
674,json:network.data.searchResults.edges[6].node.thread.thread_items[0].post.text_post_app_info.text_fragments.fragments[0].plaintext,"陳副教授
你工作所在的東吳大學
英文名稱是
Soochow University
源自於大陸江蘇省的蘇州大學啊
😂"
675,json:network.data.searchResults.edges[7].node.thread.thread_items[0].post.text_post_app_info.text_fragments.fragments[0].plaintext,"📢 聽說 Threads 很多人在用！
有沒有 115學年度即將就讀亞東科技大學 的新生呀？🙋‍♂️🙋‍♀️
不管是哪個科系都歡迎留言認識一下～
順便可以交流住宿、選課、社團跟校園生活✨
#亞東科技大學 #新生 #115學年度"
676,json:network.data.searchResults.edges[7].node.thread.thread_items[0].post.text_post_app_info.text_fragments.fragments[0].plaintext,"台灣有推薦跟工商心理有關的在職專班嗎？
目前知道相關的學校有東吳/清大"
677,json:network.data.searchResults.edges[0].node.thread.thread_items[0].post.text_post_app_info.text_fragments.fragments[0].plaintext,今天禮拜六老師加課還請豆花 愛東吳
678,json:network.data.searchResults.edges[1].node.thread.thread_items[0].post.text_post_app_info.text_fragments.fragments[0].plaintext,這裡找得到東吳政治正取一嗎？
679,json:network.data.searchResults.edges[1].node.thread.thread_items[0].post.accessibility_caption,"Photo by Shenghe Wang on May 27, 2026. May be an image of blueprint, ticket stub, crossword puzzle and text that says '系組 系組:(005042）政治學系 姓名 東吳大學 115學年度大學申請入學招生 甄選總成績單 子機地奇 科目 國文 英文 墨 科 能 力 測 數學A 11 數學B 14 考生身分： 一般考生 社會 6 x1.50 自然 3 x1.50 佔分 比例 原始級分 採計方式 採計級分 探計總級分 採計滿級分 14 16.50 寶得 分數 21.00 未報考 甄選 總成績 0.00 x2.00 0.00 28.00 65.50 0.00 20% 75.00 17.46 項目名稱 審查資料 面試 檢定分數原始分數 檢定分 目 佔分 比例 90.46 實得 分数 36.18 40% 89.65 90.00 40% 36.00 類別 招生名額 67.00（正取 82.13) 正取第2名 最低錄取分數 錄取與否 不錄取原因 .學科能力測驗實得分數、 術料考試實得分數計單式： 得分數計算式： 2.甄選總成請公豆 外加名額 （採計罐（級）分數/ 探計滿（級）分數） 佔分比例 指定項目實 術科考試實得分數， 指定項目實得分数。 备指定項目區基成精技其佔總成績比例計算 若有小數不予去除， 本成績單僅顧示至小數第二位； 凡未依規定期間及方式登記者， 一律視同放棄錄取資格 不予分我。 即使類選總成頻達到最低線取標準 亦不予錄取。 會網路登記就讀志關序。 有關統一分發作業請詳國 115學年度大學申講入學招 系線產生時間：115年05月27日（星第三）１24251'."
680,json:network.data.searchResults.edges[2].node.thread.thread_items[0].post.text_post_app_info.text_fragments.fragments[0].plaintext,"各位學長姐好！
我東吳、輔仁、淡江的中文系都正取
北市大備取
未來希望可以當老師或編劇類的職業，希望課程能跟科技和AI接軌，想請問哪一間比較適合
嗚嗚嗚拜託現在好糾結要去哪裡
每間都有吸引我的地方..."
681,json:network.data.searchResults.edges[5].node.thread.thread_items[0].post.text_post_app_info.text_fragments.fragments[0].plaintext,"東吳水師
時隔十年再遇到一次
默默從搭公車的學生變成開車的學生
（很克難地找高處停車，再從後門走進來，但後門也無法倖免於淹水，鞋襪全濕，煩鼠了= =）"
682,json:network.data.searchResults.edges[0].node.thread.thread_items[0].post.accessibility_caption,"Photo by @nolimitg__t on June 07, 2026. May be a Twitter screenshot of phone and text that says '5:52 ኮ 33 狗子 Active Now 啊詹永恩是哪 詹永恩是哪位 Youreplied You replied 而且還不能放學去喝酒 死酒鬼 You Youreplied 你要確... 幹你瞧不起東吳喔 Replied Repliedtoyou to you 我要發脆公審你 幹你瞧不起東吳喔 啊哈哈哈哈哈哈 怎麽可能勒 沒有你就是瞧不起 O Message... 台科了不起喔'."
683,json:network.data.searchResults.edges[2].node.thread.thread_items[0].post.text_post_app_info.text_fragments.fragments[0].plaintext,"東吳咕嚕嚕大學
同事回報的😎😎😎"
684,json:network.data.searchResults.edges[3].node.thread.thread_items[1].post.text_post_app_info.text_fragments.fragments[0].plaintext,東吳以前是私立前3
685,json:network.data.searchResults.edges[4].node.thread.thread_items[1].post.text_post_app_info.text_fragments.fragments[0].plaintext,"看你的科系
如果法商無條件東吳
中文系的話 東吳相對現代 輔大小學四天王都有 北市大不清楚
但如果你想要雙主之類的 輔大畢竟綜合大學 選項比較多 但還是看系"
686,json:network.data.searchResults.edges[5].node.thread.thread_items[0].post.text_post_app_info.text_fragments.fragments[0].plaintext,"從第一哩跳到sober😮 東吳大學
放一小段就好🤏🏼"
687,json:network.data.searchResults.edges[6].node.thread.thread_items[0].post.text_post_app_info.text_fragments.fragments[0].plaintext,"我是東吳大一新生，最近看到學校在宣傳東吳超馬報名還有招募志工，好像有點好玩，不曉得有沒有參加過的學長姐可以分享一下經驗୧( ""̮ )୨✧︎"
688,json:network.data.searchResults.edges[0].node.thread.thread_items[0].post.text_post_app_info.text_fragments.fragments[0].plaintext,東吳大學要淹鼠了
689,json:network.data.searchResults.edges[7].node.thread.thread_items[0].post.text_post_app_info.text_fragments.fragments[0].plaintext,"你還記得，當初所期望的大學長怎樣嗎
#東吳大學
#學生議會"
690,json:network.data.searchResults.edges[0].node.thread.thread_items[0].post.text_post_app_info.text_fragments.fragments[0].plaintext,目標東吳大學法律系！
691,json:network.data.searchResults.edges[1].node.thread.thread_items[0].post.text_post_app_info.text_fragments.fragments[0].plaintext,"好奇皮克敏有其他學校的嗎？
目前收集兩隻都是東吳的"
692,json:network.data.searchResults.edges[2].node.thread.thread_items[0].post.text_post_app_info.text_fragments.fragments[0].plaintext,東吳法律系我來了😁😁
693,json:network.data.searchResults.edges[3].node.thread.thread_items[0].post.text_post_app_info.text_fragments.fragments[0].plaintext,台大，政大，東吳大，還有大，都有上課嗎？台灣的大學嚴厲嗎？
694,json:network.data.searchResults.edges[3].node.thread.thread_items[0].post.text_post_app_info.text_fragments.fragments[0].plaintext,看來新的東吳人要準備被軍歌比賽操死了😦 東吳高職
695,json:network.data.searchResults.edges[4].node.thread.thread_items[0].post.text_post_app_info.text_fragments.fragments[0].plaintext,東吳大學敢不敢把冷氣開強一點
696,json:network.data.searchResults.edges[5].node.thread.thread_items[0].post.text_post_app_info.text_fragments.fragments[0].plaintext,在線尋找東吳人。
697,json:network.data.searchResults.edges[6].node.thread.thread_items[1].post.text_post_app_info.text_fragments.fragments[0].plaintext,反正學歷歧視都低能 而且東吳也沒有爛到哪裡去吧 法律系是很前面的幾所內 一堆人說學店是何意味 我是蠻好奇他們在哪裡高就的
698,json:network.data.searchResults.edges[8].node.thread.thread_items[0].post.caption.text,"其實我覺得大學裡有捷運是一件很普通的事情，不理解為什麼有人會刻意發出來炫耀。
雖然我們臺北大學也有捷運三鶯線，但我覺得這沒什麼，我也絕對不會告訴你們捷運三鶯線在2026年6月30號開始試營運。
我不會有太大的反應，也不會到處和別人說臺北大學在2026年6月30號有了捷運三鶯線，這只是我生活中的小插曲，畢竟我說了這只是我的日常而已沒有什麼值得炫耀的。￼"
699,json:network.data.searchResults.edges[1].node.thread.thread_items[0].post.carousel_media[2].accessibility_caption,"Photo by 丞想建城ت on May 15, 2026. May be an image of costume and text that says '列位 列们 東吳應如何迎敵'."
700,json:network.data.searchResults.edges[1].node.thread.thread_items[0].post.carousel_media[3].accessibility_caption,"Photo by 丞想建城ت on May 15, 2026. May be an image of text that says 'Chroo Kingdors 0 簡直視我東吳如無物'."
701,json:network.data.searchResults.edges[1].node.thread.thread_items[0].post.carousel_media[4].accessibility_caption,"Photo by 丞想建城ت on May 15, 2026. May be an image of text that says '香 不就是羞辱東吳嗎 舒閲 に取'."
702,json:network.data.searchResults.edges[0].node.thread.thread_items[0].post.text_post_app_info.text_fragments.fragments[0].plaintext,東吳大學政治學生超級棒！！！！！
703,json:network.data.searchResults.edges[2].node.thread.thread_items[0].post.text_post_app_info.text_fragments.fragments[0].plaintext,"花蓮縣議員：吳建志
出生地：花蓮縣
學歷：國立東華大學企管碩士
經歷：中國國民黨中常委、中國國民黨青工總會全國總會長、中國國民黨花蓮黨部副主任"
704,json:network.data.searchResults.edges[3].node.thread.thread_items[0].post.text_post_app_info.text_fragments.fragments[0].plaintext,"不把東吳放在眼裡
這誰"
705,json:network.data.searchResults.edges[6].node.thread.thread_items[0].post.text_post_app_info.text_fragments.fragments[0].plaintext,"冷知識這誰：
民眾黨排名第九
遞補吳春城的不分區立委劉書彬
曾任東吳政治系主任
臺大社科院風險政策研究中心兼任研究員
今日回應貪污助理費除罪化助理連署議題
不能只有我一個人頭痛😉"
706,json:network.data.searchResults.edges[3].node.thread.thread_items[0].post.text_post_app_info.text_fragments.fragments[0].plaintext,"東吳有人要出來甩一下嗎
東吳高職"
707,json:network.data.searchResults.edges[1].node.thread.thread_items[0].post.carousel_media[0].accessibility_caption,"Photo by 東吳國粹 on September 10, 2025."
708,json:network.data.searchResults.edges[2].node.thread.thread_items[0].post.text_post_app_info.text_fragments.fragments[0].plaintext,"東吳完成，今年的難度感覺起來比113親人
但我變態問答題寫的方向跟朋友完全不一樣
希望不要太慘🫩
是說東吳也走良好考研體驗風格的嗎
竟然還有二樓考生休息室🥹
剩下兩間！"
709,json:network.data.searchResults.edges[3].node.thread.thread_items[0].post.text_post_app_info.text_fragments.fragments[0].plaintext,我應該是東吳第一個會把班牌帶回去彩繪的人😵‍💫😵‍💫
710,json:network.data.searchResults.edges[4].node.thread.thread_items[0].post.accessibility_caption,"Photo by 楊有光 on April 29, 2026. May be an image of poster, magazine, newspaper and text that says '呼群保義 專群保義3 正 呼群 保義 ខ 地 捕隅 獵鳥 反DEI假多元 反DEI假多元 里大學學生第司参選人 #智庫成員 #專欄評論員 #台中青語委 魏麗宸 菓吳大學學生議員參選人'."
711,json:network.data.searchResults.edges[0].node.thread.thread_items[1].post.text_post_app_info.text_fragments.fragments[0].plaintext,東吳讀書氛圍超級好，誠推，除了學費比中正貴，但學貸可以解決，請唸東吳
712,json:network.data.searchResults.edges[4].node.thread.thread_items[0].post.text_post_app_info.text_fragments.fragments[0].plaintext,很想念東吳的學長學姐們
713,json:network.data.searchResults.edges[5].node.thread.thread_items[0].post.text_post_app_info.text_fragments.fragments[0].plaintext,"東吳大學
翻到大學時候（大概2019）
學校掛的布條，太猛了😱"
714,json:network.data.searchResults.edges[7].node.thread.thread_items[0].post.text_post_app_info.text_fragments.fragments[0].plaintext,"想問問德文系
東吳、輔大，哪一個比較好？
我在網路上查到的結果是東吳像高中生活
社團選擇偏少，課排的比較滿
輔大則是比較自由與彈性，需要更有自制力與自學
但是社團選擇多，交通也比東吳方便
淡江則是變成歐語系的其中一組
雖然在淡水（離家超近）但目前會把順位放到後面
想問問德文系的學長姐們，東吳跟輔大的學習環境怎麼樣？以及我在網路上查到的是否為兩校真實的情況？
東吳與輔大在德文系上的特色我沒有查到太多，這也是我現在糾結的原因之一🥲
謝謝🙏"
715,json:network.data.searchResults.edges[4].node.thread.thread_items[0].post.accessibility_caption,"Photo by 卉 on June 10, 2026. May be an image of martial arts, sword and text that says '東吳真是人傑地靈'."
716,json:network.data.searchResults.edges[1].node.thread.thread_items[1].post.text_post_app_info.text_fragments.fragments[0].plaintext,以我現在東吳日文要升大二來說，其實也沒有說我畢業後一定會往日文繼續走下去，但就是這四年要探索你以後想做的職業！
717,json:network.data.searchResults.edges[3].node.thread.thread_items[0].post.text_post_app_info.text_fragments.fragments[0].plaintext,"東吳真的跟想像中差很多
1.學校網站還停留在Y2K時代
2.樓梯跟九份一樣多
3.超級無敵霹靂偏遠
4.外雙溪沒有孫權的東吳水師
5.選課還要各種搶，甚至還能販賣（法律系）
6.其實真的不在故宮旁邊
7.上課會塞車，下課也是
還私校前段班勒真的太失望了
東吳"
718,json:network.data.searchResults.edges[6].node.thread.thread_items[0].post.text_post_app_info.text_fragments.fragments[0].plaintext,國文作業要拍自己跟東吳大學
719,json:network.data.searchResults.edges[7].node.thread.thread_items[0].post.text_post_app_info.text_fragments.fragments[0].plaintext,"東吳學苑
屏東大學
立康生技
國科會
都往這邊走是吧👍"
720,json:network.data.searchResults.edges[0].node.thread.thread_items[0].post.text_post_app_info.text_fragments.fragments[0].plaintext,"可以把xx大學改成xx宗嗎
校長->宗主
教授->長老
xx系->xx門
圖書館->藏書閣
大學生->外門弟子
碩生->內門弟子
博士生->親傳弟子"
721,json:network.data.searchResults.edges[0].node.thread.thread_items[1].post.text_post_app_info.text_fragments.fragments[0].plaintext,論東華大學跟東華帝君的關係
722,json:network.data.searchResults.edges[0].node.thread.thread_items[0].post.text_post_app_info.text_fragments.fragments[0].plaintext,吳春城的博士是中國復旦大學給的、不只是他幾乎藍白所有檯面上人物、要檢視絕對別去看他的學經歷、一定會讓你噴飯、因為與能力氣質涵養絕不相當
723,json:network.data.searchResults.edges[1].node.thread.thread_items[0].post.text_post_app_info.text_fragments.fragments[0].plaintext,"快訊／
115東吳會研正37占36
恭喜上榜的同學！！
恭喜我們台中寶寶😮
✨逢甲會計 李柏毅 拿下東吳會研 榜首🏆"
724,json:network.data.searchResults.edges[2].node.thread.thread_items[1].post.text_post_app_info.text_fragments.fragments[0].plaintext,溫實初 聽起來就能考上醫學系
725,json:network.data.searchResults.edges[3].node.thread.thread_items[0].post.text_post_app_info.text_fragments.fragments[0].plaintext,第一次在東吳大學滑倒已經很那個了
726,json:network.data.searchResults.edges[7].node.thread.thread_items[1].post.text_post_app_info.text_fragments.fragments[0].plaintext,東吳才不會叫自己東大
727,json:network.data.searchResults.edges[0].node.thread.thread_items[0].post.text_post_app_info.text_fragments.fragments[0].plaintext,"東吳大學 你不要太誇張
我愛死😍🫵🏻"
728,json:network.data.searchResults.edges[4].node.thread.thread_items[0].post.text_post_app_info.text_fragments.fragments[0].plaintext,東吳恐龍個案，誰的誰的東吳高職
729,json:network.data.searchResults.edges[5].node.thread.thread_items[1].post.text_post_app_info.text_fragments.fragments[0].plaintext,"原來東吳大學政治系好綠
終於了解了"
730,json:network.data.searchResults.edges[6].node.thread.thread_items[0].post.text_post_app_info.text_fragments.fragments[0].plaintext,沒想到畢業後回東吳是因為外拍(｡ì _ í｡)
731,json:network.data.searchResults.edges[8].node.thread.thread_items[0].post.text_post_app_info.text_fragments.fragments[0].plaintext,"🎉 恭喜分發！歡迎加入東吳國貿系！🎉
熱烈恭喜今年分發錄取東吳大學國際經營與貿易學系的新同學們！👏👏👏
今年東吳國貿系的分發人數大幅上升，代表越來越多優秀同學看見東吳國貿系的特色與價值。感謝各位新同學的選擇、以及家長的信任，也歡迎你們即將成為東吳國貿系大家庭的一員！🌏📚✨
東吳國貿系結合國際經營、貿易實務、行銷管理、跨文化溝通與全球市場分析，培養同學面向國際、連結產業、掌握未來的能力。
接下來分科測驗即將登場，也誠摯期待更多優秀同學選擇東吳大學國貿系，
和我們一起開啟兼具國際視野與專業實力的大學旅程！💪✨
再次恭喜今年分發錄取的同學，我們在東吳國貿系等你們！💙💛
#東吳大學
#國際經營與貿易學系
#東吳國貿
#恭喜分發
#歡迎新生
#分科測驗"
732,json:network.data.searchResults.edges[8].node.thread.thread_items[0].post.accessibility_caption,"Photo by 東吳大學國際經營與貿易學系 on June 10, 2026. May be an image of poster and text that says '東吳大學 Soachow 東美大學 SoochowUniversity University 恭喜分發 歡迎加入東吳大學國際經營興貿易學系 東吳大學國際經管與貿易學系 敬賀C 敬賀'."
733,json:network.data.searchResults.edges[3].node.thread.thread_items[1].post.text_post_app_info.text_fragments.fragments[0].plaintext,"怎麼可能棄北大選東吳啊
那些勸說的根本腦袋有洞
你說跟成大或中興中正比，肯定還有抉擇空間，但東吳跟北大比根本懶覺比雞腿"
734,json:network.data.searchResults.edges[6].node.thread.thread_items[0].post.accessibility_caption,"Photo by @hamster.57537460 on May 27, 2026. May be a Twitter screenshot of text that says '天主教輔仁大學 FUJENCATHOLCUNIVERSITY FUJEN CATHOLIC UNIVERSITY 招生資訊平台 考生專區 登出 <返回個人資料 <返回 個人資料 最終成績 錄 取 廣告傳播學系 日成績 ၉ 成績 單 ල 學系 介紹 日本系 本系 官網 錄 取 企業管理學系 o 3成績 成績 單 學系 介紹 本系 官網 恭喜同學完成 恭喜同學完成「申講入學」第二階段到試，每一份等 「申請入學」 第二階段甄試 每一份努 力， 都是邁向理想的重要一步。 輔大辦爭續攻車越，教學與資源備受肯定，將是您 輔大辦學續效卓越， 教學與資源備受肯定， 將是您邁 向未來的重要選擇！ 無論為正取或備取， 誠摯歡迎您 將天主教輔仁大學列為第一志願。 提醒您無論錄取一個核系或多個校系， 所有正備取生 都必須於6/4-6/5每日上午9時至下午9時止， 至甄選委 員會完成就讀志願序登記。 若有相關問題 相關問題，洽詢電話02-290-224·誠 詢電話02-2905-2224 誠摯期待在 輔大校園與您相見。'."
735,json:network.data.searchResults.edges[4].node.thread.thread_items[1].post.text_post_app_info.text_fragments.fragments[0].plaintext,不是啊，我東吳財經的怎麼了嗎？
736,json:network.data.searchResults.edges[5].node.thread.thread_items[0].post.text_post_app_info.text_fragments.fragments[0].plaintext,"我的母校東吳大學傳出在中國的社群軟體「小紅書」辦了一個帳號「東吳大學堂」，而這個帳號的第一篇發文，就介紹東吳大學是與蘇州大學「同根同源」的大學，而且提到台灣的時候，竟然還稱「台灣地區」。
今天在教文委員會質詢時，我向教育部表示，大學在廣納生源的同時，應該也要注意到不可自我矮化，必須要兼顧台灣主權。葉丙成次長回應，「對等、尊嚴」是很重要的，後續會再跟東吳大學了解事情的脈絡，再來確認要改進的地方。"
737,json:network.data.searchResults.edges[0].node.thread.thread_items[1].post.text_post_app_info.text_fragments.fragments[0].plaintext,東吳政治系隨便一個大學生都比她頭腦清楚
738,json:network.data.searchResults.edges[4].node.thread.thread_items[1].post.caption.text,"你們家住在台北嗎？如果住在台北的話可以跟父母說為了省住宿費去念東吳，反正現在私立學校的學費有補助，和公立也沒有差那麼多了
但如果你們家住在台中的話，那東吳也沒有值得付台北的房租來唸￼￼￼￼"
739,json:network.data.searchResults.edges[0].node.thread.thread_items[0].post.text_post_app_info.text_fragments.fragments[0].plaintext,"明年東吳法律的志願序如果下滑，我覺得抱著刑訴受訪的那位學弟可能是主因🫣
有點想知道是哪位老師倒這種八輩子血霉教到他……"
740,json:network.data.searchResults.edges[5].node.thread.thread_items[0].post.text_post_app_info.text_fragments.fragments[0].plaintext,"滾滾黃河入海流（？）
偉哉我大東吳"
741,json:network.data.searchResults.edges[7].node.thread.thread_items[1].post.text_post_app_info.text_fragments.fragments[0].plaintext,"不要把東吳會計拖下水，人品是自己的選擇，不是每個東吳會計都會這樣睜眼說瞎話
黃景茂說他沒有感受到壓力，廖彥鈞說不是這樣？！？！？！檢察官說了算？"
742,json:network.data.searchResults.edges[0].node.thread.thread_items[0].post.text_post_app_info.text_fragments.fragments[0].plaintext,我已經到東吳大學，能夠回到自己以前任教的學校，感覺特別好 (⁎⁍̴̛ᴗ⁍̴̛⁎)
743,json:network.data.searchResults.edges[0].node.thread.thread_items[1].post.text_post_app_info.text_fragments.fragments[0].plaintext,"「但是⋯⋯
從事政治不就是要將自己捐給這個社會嗎？」
很震撼又很令人感動的一句話
謝謝台灣有這樣的一位總統出現過
完全不後悔進來東吳讀政治系"
744,json:network.data.searchResults.edges[1].node.thread.thread_items[0].post.text_post_app_info.text_fragments.fragments[0].plaintext,"研究所很幸運的考上成大公法組，但同時東吳的備取順位去年也在錄取範圍內，想請問成大公法組的學長姐能不能分享一下成大法研的生活是怎麼樣，有沒有什麼特別推薦或是不推薦的地方，教授人友善程度如何，還要畢業程度是高還是低，因為身邊幾乎沒有學長姐去讀成大很難找到人詢問
如果有東吳公法組的前輩可以分享一下就讀心得也非常感謝
感謝抽空回覆的各位前輩，祝福各位大家身體健康三榜都上上廁所都有衛生紙"
745,json:network.data.searchResults.edges[1].node.thread.thread_items[1].post.text_post_app_info.text_fragments.fragments[0].plaintext,"當年我同時考上東吳跟成大公法正取，我自己是選東吳啦
東吳公法在課程多樣性、學術能量上，基本上都是非常強，一學期舉辦的學術性活動幾乎可以比得上別人一整間學校
另外東吳在指導教授的選擇上也很多元，美德日台憲法行政法稅法你想要的都有，在我那個年代，找兼任老師當指導教授也幾乎不會有任何困難
我自己最後是在東吳碩班、博班畢業，給你參考參考"
746,json:network.data.searchResults.edges[4].node.thread.thread_items[0].post.text_post_app_info.text_fragments.fragments[0].plaintext,"東吳待我不薄 第一年的校慶給到夯
李聖傑是真讓人起雞皮疙瘩"
747,json:network.data.searchResults.edges[0].node.thread.thread_items[0].post.text_post_app_info.text_fragments.fragments[0].plaintext,"東吳跟東海，差一個字還差真多～🤷‍♀️
－－－
菁英講座？如何第一次貪污就上手！"
748,json:network.data.searchResults.edges[2].node.thread.thread_items[0].post.text_post_app_info.text_fragments.fragments[0].plaintext,"你知道嗎？
如果你讀的是
東京大學
東京藝術大學
東吳大學
東海大學
東華大學
台東大學
屏東大學
屏東科技大學
嶺東科技大學
亞東科技大學
遠東科技大學
你都可以說自己讀的是東大
看吧！前進東大不是夢"
749,json:network.data.searchResults.edges[2].node.thread.thread_items[1].post.text_post_app_info.text_fragments.fragments[0].plaintext,"東吳大學是一所品質精良、師資優秀的優質私立大學，來校即可體驗和九份一樣多的樓梯，並可使用停留在2005年，充滿y2k感的學校網站系統
為了對抗全球暖化，校方盡心盡力的節省資源，外雙溪校區除體育場館旁，所有飲水機都沒有冰水
另外，本校校長也盡全力娛樂同學們，校長兼職躲貓貓社社長，歡迎全校同學一起找尋他的身影
錄取英文系還有大學長韓國瑜的加持喔！"
750,json:network.data.searchResults.edges[3].node.thread.thread_items[0].post.text_post_app_info.text_fragments.fragments[0].plaintext,"《東吳可容東坡乎？》
吾本性疏狂，亦愛文章，少時讀《三國》，知東吳豪傑輩出，今欲投身其學府，以筆為舟，問道江湖。東吳中文融貫中西，正合吾心，願於此續寫人生文章。
若蒙垂青，當以「大江東去」之氣魄，書一頁風流！
東坡敬上"
751,json:network.data.searchResults.edges[4].node.thread.thread_items[1].post.text_post_app_info.text_fragments.fragments[0].plaintext,留言區有幾個很像成大法的，成大法想碰東吳法可能還要再多積累幾年榜單哦
752,json:network.data.searchResults.edges[5].node.thread.thread_items[0].post.text_post_app_info.text_fragments.fragments[0].plaintext,東吳日文系，一學期十幾科任你修啊！文法、會話、閱讀、翻譯、聽力、日本文學、日本文化、日本社會，日本人到底在想什麼也要你考啊！不用背法條，改背單字啊！N1單字一本一本背啊！一課五十個單字，一學期幾百個文法，敬語、謙讓語、尊敬語背到最後連自己是誰都不知道啊！考試的時候老師一句「日本語で答えてください。」你想說老師我會啊！結果題目看三遍看不懂啊！閱讀測驗一篇A4滿滿都是漢字，看到「遺憾」「懸念」「配慮」「促進」就在那邊猜意思啊！考卷發下來就是「次の文章を読んで答えなさい。」答什麼啦！文章看完時間都沒了啊！然後口試更精彩啊！老師坐前面一句「自己紹介してください。」好不容易背好三分鐘，老師一句「なるほど。それで？」直接當場去世啊！最可怕的不是考試，最可怕的是翻譯課啊！中文翻日文，日文翻中文，翻完老師一句「不夠自然。」哪裡不自然啊！我查字典查三本，Google翻譯、Weblio全部打開，老師還是說「日本人不會這樣講。」那日本人到底怎麼講啦！然後大家以為日文系每天都在看動漫，看動漫？上課看《源氏物語》、看《こころ》、看《羅生門》，一頁二十個生字，動漫看五分鐘，查單字查兩小時！
753,json:network.data.searchResults.edges[5].node.thread.thread_items[1].post.text_post_app_info.text_fragments.fragments[0].plaintext,資深系友路過，感謝東吳日本語言學系的栽培。
754,json:network.data.searchResults.edges[6].node.thread.thread_items[0].post.text_post_app_info.text_fragments.fragments[0].plaintext,"東吳應該是把錢花太多在西門大螢幕
結果忘記大學排名要注水注水"
755,json:network.data.searchResults.edges[7].node.thread.thread_items[0].post.caption.text,@qoop1113 5/20東吳男團在東吳大學等你🔥🔥🔥
756,json:network.data.searchResults.edges[3].node.thread.thread_items[1].post.text_post_app_info.text_fragments.fragments[0].plaintext,東吳政治培養的人才有這麼奴嗎？
757,json:network.data.searchResults.edges[0].node.thread.thread_items[1].post.text_post_app_info.text_fragments.fragments[0].plaintext,以前在東吳的地下閱覽室，幾乎都只有法律系跟會計系在裡面盤踞生根😅
758,json:network.data.searchResults.edges[1].node.thread.thread_items[0].post.text_post_app_info.share_info.quoted_attachment_post.caption.text,"幾年前我就知道馬英九毀了台灣的情報網這件事。
我真的佩服撲馬怎麼能這麼平靜地講這件事。
影片出處：民視/沈伯洋東吳大學演講 20251209"
759,json:network.data.searchResults.edges[1].node.thread.thread_items[0].post.text_post_app_info.text_fragments.fragments[0].plaintext,東吳大學這場每段都很值得分享
760,json:network.data.searchResults.edges[2].node.thread.thread_items[1].post.text_post_app_info.text_fragments.fragments[0].plaintext,呃⋯所以是啥東吳科系？！因為真的只有會計、法律還行
761,json:network.data.searchResults.edges[4].node.thread.thread_items[0].post.text_post_app_info.text_fragments.fragments[0].plaintext,"太虧賊啦
東吳大學"
762,json:network.data.searchResults.edges[5].node.thread.thread_items[0].post.text_post_app_info.text_fragments.fragments[0].plaintext,"回頭看吳博士受博恩訪問的片段。
萊特十號含指導教授在內的正式編制成員不懂機械、電子、資訊、法務、財務、PERT、CPM、OKR、Agile......，有什麼資格說懂系統工程？
懂個屁！"
763,json:network.data.searchResults.edges[7].node.thread.thread_items[1].post.text_post_app_info.text_fragments.fragments[0].plaintext,"那請教以下這位叫做什麼？
吳振吉：
臺大醫學系
臺大臨床醫學研究所碩士
臺大臨床醫學研究所博士
臺大醫院 耳鼻喉科 主治醫師
臺大醫學院 教授
政大法律學研究所 碩士
臺大法律學研究所 博士
律師及格
司法官及格"
764,json:network.data.searchResults.edges[1].node.thread.thread_items[1].post.text_post_app_info.text_fragments.fragments[0].plaintext,"東吳政治本來就是立委或國會立委助理的最大輸出學校，不只是有東吳幫，甚至有8成都是東吳畢業ㄉ。相信版主自己也曾是國會助理，一定會知道這件事。
這樣說真的很沒必要，因為東吳政治幫很多立委徵過助理，劉書彬也是我們系上老師，請問系辦或小編要如何拒絕她？這樣ㄉ質問到底有沒有道理亦或會把討論帶往什麼方向？
BTW我也很討厭劉書彬，不要說立委助理，就連助教，也被很多學長姐提醒過她是慣老闆。"
765,json:network.data.searchResults.edges[6].node.thread.thread_items[0].post.text_post_app_info.text_fragments.fragments[0].plaintext,"各位東吳法律面試的同學
如果你們今天有遇到一個在等候區到處握手碰拳講加油的神經病
那個人是我
以下開放認親"
766,json:network.data.searchResults.edges[2].node.thread.thread_items[1].post.text_post_app_info.text_fragments.fragments[0].plaintext,"我
國英社前標
數學A B均標
最後跑去念東吳供參考
國立的話（我覺得國英一定要頂標，其他看你）
四中、台清交成政師好的不用講
高雄大學非常可以
海洋大學也不錯
其他選離家近不然就是選私立輔大東吳
（我自己當時選志願的邏輯是這樣）只想留在台北但上不了那幾大想要的科系，所以最後選東吳"
767,json:network.data.searchResults.edges[1].node.thread.thread_items[1].post.text_post_app_info.text_fragments.fragments[0].plaintext,很多時候，大學是一種養成，還有演講、研討會⋯其他不同的非科系課程資源。供你參考
768,json:network.data.searchResults.edges[5].node.thread.thread_items[0].post.text_post_app_info.text_fragments.fragments[0].plaintext,有錄取東吳社會學的人或學長姐嗎？
769,json:network.data.searchResults.edges[0].node.thread.thread_items[0].post.text_post_app_info.text_fragments.fragments[0].plaintext,第一次知道東吳大學事業做這麼大⋯⋯
770,json:network.data.searchResults.edges[0].node.thread.thread_items[0].post.accessibility_caption,"Photo by 血佾循 on May 03, 2026. May be an illustration of ‎poster and ‎text that says '‎2:36 99+ 東吳大學校友總會 Automated responses 校友總會公告 校友總 北加州東吳大學校友會 北加州東吳大學校友會 雙溪年會暨會長交接儀式 2026/5/16 两灣半島慶苑 Htpeiss.a.c HL Peninsula Restaurant 136 Ranch Drive, Milpitas 95035 2026/5/1 桃國展濟中心局 桃園市佐園區 2026行事曆-上半年 行事曆 上半年 2026 2:21 M 2026行事曆-下半年 下半年 2026 行事唇- 来吳大學校友總會 賀報 買 戦 维 チ A 東 크분 سم RSED 合： 最新活動 2026平業生限定 Lunar New Year 2026 YEAROFTHEHORS 新年饮樂馬年行大团 品 學校公告 畢米禮水品印章 一心通5展新城工商面 CASRENSAZ 東吳校友總會（ @scuaa‎'‎‎."
771,json:network.data.searchResults.edges[1].node.thread.thread_items[0].post.text_post_app_info.text_fragments.fragments[0].plaintext,東吳教授對我說 歡迎你加入東吳 那是代表我有正取了嗎（不懂就問
772,json:network.data.searchResults.edges[3].node.thread.thread_items[1].post.text_post_app_info.text_fragments.fragments[0].plaintext,有東吳一定東吳，台政北東
773,json:network.data.searchResults.edges[5].node.thread.thread_items[0].post.text_post_app_info.text_fragments.fragments[0].plaintext,"今天天大的(?) 發現：台中東海大學的創校人之一兼第二任校長吳德耀年輕時曾經在檳城生活十年左右，會福建話。
「吴德耀教授是国际学术界知名人士、新加坡著名学者、教育家。 于年1976至1977年间，他担任南洋大学代校长。 吴教授于1916年出生于祖籍海南省文昌市迈号镇青园村。 幼年南来到槟城，在英华学校及钟灵中学接受英文教育。 中学毕业后，1940年到中国，进入金陵大学攻读，获得文学士学位。 往后前赴美国深造...... 1954年，吴教授应聘赴台协助开办东海大学，并担任政治学教授兼文学院院长，1956年出任东海大学校长，直到1971年退休，担任校长十四年，对该大学的建树良多，获得好评。 在他离台前，故蒋经国行政院长亲自慰留，政府并以教育部次长之职相留，但他已接受新加坡大学之聘而婉谢。」 [1]"
774,json:network.data.searchResults.edges[6].node.thread.thread_items[0].post.text_post_app_info.text_fragments.fragments[0].plaintext,"關於大專院校命名的冷知識，先寫10個比較冷的，有想到再補充
世新大學，世界新聞
明志科大，明志書院的意思
崑山科大，創辦人田崑山之名
龍華科大，龍之傳人，耀我中華
弘光科大，弘毅博愛，醫護之光
輔英科大，婦嬰高級護理助產職業學校
僑光科大，華僑之光
致理科大，致知明理之義
崇右科大，紀念于右任之名
黎明學院，原泰山鄉黎明村"
775,json:network.data.searchResults.edges[4].node.thread.thread_items[0].post.text_post_app_info.text_fragments.fragments[0].plaintext,"各位好，剛剛一階放榜，很榮幸已經過了東吳、輔仁、東海、高雄法律系的第一關！
想請問各位幾個問題
因為我的家庭並不富裕，所以打算從東海和高雄選。由於大家都推薦東吳，所以我又猶豫了一下。如果去北部讀書，學費可以貸款，但是生活費開銷將會很大。到時候很怕書讀不好，也沒辦法生活。
有人說讀法律系學校不是很重要；也有人說很重要。
東吳法律比起他校是優在哪裡呢？
如果真的北上去東吳的話，是不是除了讀書其他的時間都要打工了？
麻煩各位前輩們回覆了，謝謝"
776,json:network.data.searchResults.edges[3].node.thread.thread_items[1].post.text_post_app_info.text_fragments.fragments[0].plaintext,東吳法的老師路過
777,json:network.data.searchResults.edges[4].node.thread.thread_items[1].post.text_post_app_info.text_fragments.fragments[0].plaintext,"東吳法律來嚕！首先東吳的師資非常豐富，我們教授數量多選擇自然也多，幾乎每個禮拜都有教授們辦的講座或是論壇！
雖然要讀五年，但英美法訓練下的東吳法英文能力會很佔優勢！我自己覺得可以比較英美法系跟大陸法系的話，學得會更全面
然後我也是北漂大學生～東吳法一年級會在雙溪跟城中通勤，但有專車！！如果選擇自己搭捷運也能比較快熟悉交通方式，我覺得也不錯（？）
生活費的部分每個人不一樣，我目前聽到的是從9000～12000都有🥹房租的話住校內宿舍一年級時一學期7000
我自己是沒有讀書+打工，但北部其實蠻好玩的啊！有一些免費的展覽其實也不一定要錢，東吳還有健身房跟很多社團ㄛ！"
778,json:network.data.searchResults.edges[5].node.thread.thread_items[0].post.text_post_app_info.text_fragments.fragments[0].plaintext,"天氣您好：
我是畢業生芒果，因為明天是畢業典禮，麻煩明天13:30前，東吳大學雙溪校區不要下雨。
因為這樣會影響到：我出門的心情、瀏海變條碼、光線不佳、導致拍學士服的時候臉超臭，修圖還要修很久超不爽的。
如有需要，撥穗的時候可以下雨。13:30-14:50隨便下，其餘時間請忍住不下，感謝您的配合🙏🙏🙏🙏🙏🐢🔥🐢🔥🐢🔥
敬祝 平安順心
芒果 敬上"
779,json:network.data.searchResults.edges[2].node.thread.thread_items[1].post.text_post_app_info.text_fragments.fragments[0].plaintext,如果是南部人，就唸高雄大學，生活開銷會少很多，畢業後的成就是自己爭取的。
780,json:network.data.searchResults.edges[1].node.thread.thread_items[0].post.text_post_app_info.text_fragments.fragments[0].plaintext,"四個台大經濟系教授談整個學涯發展也是蠻有趣的
特別提一下，吳聰敏教授是屏東人，也就是屏東高中學長，而且看起來當年屏東高中升學率應該還不錯XDDD
吳聰敏教授學歷是屏東高中、台大電機系、政大企研所（司徒達賢的學生）、羅徹斯特大學經濟學博士，參加過黨外活動，還曾被列為黑名單，書中一直反覆提到台大求學過程，很多教授教什麼他都聽不懂，讓他沒有興趣XDDD"
781,json:network.data.searchResults.edges[3].node.thread.thread_items[1].post.text_post_app_info.text_fragments.fragments[0].plaintext,有 東吳法有時候全部備完都有機會上！不用擔心 先填再說
782,json:network.data.searchResults.edges[6].node.thread.thread_items[0].post.text_post_app_info.text_fragments.fragments[0].plaintext,"據說現在對另一半的要求是3S，那就是
「無私」（Selflessness）
「支持」（Support）
「東吳大學」（SCU）
東吳大學是一所歷史悠久、資料庫齊全、學術實力雄厚、辦學特色鮮明，在國際上具有重要影響力與競爭力的大學，在多個學術領域具有非常前瞻的科技實力，擁有世界一流的研討室與師資力量，各種排名均位於全球前列，歡迎大家報考東吳大學。"
783,json:network.data.searchResults.edges[7].node.thread.thread_items[0].post.text_post_app_info.text_fragments.fragments[0].plaintext,"我不是法官，但家族裡剛好有法官也有律師
這幾天看到很多藍白在糾結李荃和律師肄業、只有東吳法律畢業，是不是夠格?
這個論點真的有點無厘頭!
會這樣講的人，大概不知道律師有多難考。
我查了一下李荃和律師的學經歷，他2006東吳法律畢業，「隔年」2007就考到律師執照。
各位，重點是「畢業隔年就考到」
行內人都知道這是很困難的事情，很多人法律系畢業後、法研所畢業後，還接著苦讀好幾年，都不見得考得上。不要說東吳，即便台大法律、政大法律、中正法律都是如此。
不論什麼學校畢業，「一畢業就能考到」就說明他真的猛，只能佩服 !"
784,json:network.data.searchResults.edges[1].node.thread.thread_items[0].post.caption.text,"我不推薦就讀東吳大學，進來時有多期待後面就有多痛苦
1.校風壓抑，個人覺得風水不好，心情變很糟
2.校內公車557班次少，時間都在等公車中消耗
3.校內行政腐敗，學生意見學校聽不見，各處室互相踢皮球
4.如果有考慮先進來再轉系的同學，115學年度的轉系資格大幅減少，（轉系資格上寫說收15人，最後只錄取3人）
❗️可參考這篇Dcard❗️
https://www.dcard.tw/f/scu/p/261397535?cid=70f0cdca-e2f0-432b-9228-eb92cb35cb6e
5.學費裏含有網路費，但網路卻很差，在某些大樓收不到訊號，行動數據也會卡很久"
785,json:network.data.searchResults.edges[5].node.thread.thread_items[1].post.text_post_app_info.text_fragments.fragments[0].plaintext,如果是東吳法律你就真的要有些擔心了
786,json:network.data.searchResults.edges[6].node.thread.thread_items[0].post.text_post_app_info.text_fragments.fragments[0].plaintext,"原來我們不是淡江大學
是淡水大江
淡江大海江大海"
787,json:network.data.searchResults.edges[6].node.thread.thread_items[1].post.text_post_app_info.text_fragments.fragments[0].plaintext,"東吳代表報到 以為自己在讀東海大學（東吳大海大學）😭
咕嚕咕嚕咕嚕咕嚕"
788,json:network.data.searchResults.edges[7].node.thread.thread_items[0].post.text_post_app_info.text_fragments.fragments[0].plaintext,請問現在東吳大學的狀況是能讓人活的嗎
789,json:network.data.searchResults.edges[8].node.thread.thread_items[0].post.text_post_app_info.text_fragments.fragments[0].plaintext,"文字版的大學排名，現實很殘酷
👑 T0： 台大醫學系
🥈 T1： 任意醫學或牙醫系 / 台交清成(電機化工) / 中原/中央/中山/中興(電機)
🥉 T2： 中正、台師、北大、海大、台科（只限電機）
🔹 T3： 四大、中字輩二三類
🔹 T4： 暨南、彰師、高師 、高大、東華(電機/化工)
🔸 T5： 輔大、東吳、逢甲、長庚、元智、淡江、東海(只有電機) / 北市北教、靜宜、銘傳（北）
🔸 T6： T4大學二三類 / 地名二三類（高雄/嘉義/台南/宜蘭/聯合） / 所有醫大非醫非牙
💀 T7： 台政北大文組 / 四大文組 / 大葉 / 私立二類 / 師大一類
💥 T8： 北科、雲科、高科 (ps.科大自己心裡有數有多混)、銘傳（桃）、長榮
🫥 T9： 四中文組 / 地名文組 / 私立文組 / 不知名大學/科大不管什麼系
💩 T65536： 讀資工的
有 AI 誰要你們？我用 Gemini 輕鬆寫扣，Vibe Coding 爽啦！
「我的大薯要加大，快點。」
📌 POV： 讀化工的最壞，低分進台積電"
790,json:network.data.searchResults.edges[8].node.thread.thread_items[1].post.text_post_app_info.text_fragments.fragments[0].plaintext,東吳 輔仁 跟靜宜 銘傳同一級？腦袋裝什麽？
791,json:network.data.searchResults.edges[3].node.thread.thread_items[1].post.text_post_app_info.text_fragments.fragments[0].plaintext,這不應該是台灣文學系做的嗎
792,json:network.data.searchResults.edges[5].node.thread.thread_items[0].post.text_post_app_info.text_fragments.fragments[0].plaintext,"這屆大一新生好幸福喔
剛入學就可以看到東吳水師"
793,json:network.data.searchResults.edges[6].node.thread.thread_items[0].post.accessibility_caption,"Photo by 東吳嘻研 on October 29, 2024."
794,json:network.data.searchResults.edges[1].node.thread.thread_items[1].post.text_post_app_info.text_fragments.fragments[0].plaintext,"在政治領域裡，地緣優勢真的很重要！！！
在這幾個政治相關科系當中，東吳政治在外交資源上其實蠻有優勢的。
除了外交部本身就在台北資源自然多過南部科系以外，更大的原因就是——現在的外交部次長 吳志中老師 曾經是我們系上的老師！
志中老師蠻常回來系上跟大家聊天、分享外交工作的故事，也常常把很多外交領域的資源帶回來。
上學期我們系學會也有一起訪問次長還有跟次長一起打棒球！
希望可以幫助到你！也希望明年能見到你！"
795,json:network.data.searchResults.edges[2].node.thread.thread_items[0].post.text_post_app_info.text_fragments.fragments[0].plaintext,"東吳又贏
Bang 🔫🔫🔫🔥🔥🔥"
796,json:network.data.searchResults.edges[3].node.thread.thread_items[1].post.text_post_app_info.text_fragments.fragments[0].plaintext,世界大學排名 台大第 63 名~東吳1401~懶覺比雞腿....一個戰術強一個戰技強
797,json:network.data.searchResults.edges[1].node.thread.thread_items[1].post.text_post_app_info.text_fragments.fragments[0].plaintext,"年改功臣吳晟的女兒，吳音寧：北農經理➡️行政院中部辦公室副執行長➡️台肥董事長。
吳音寧學歷：東吳大學法律系。
法律系是人材，樣樣精通。❌
綠友友官運亨通，黨證無敵。⭕"
798,json:network.data.searchResults.edges[8].node.thread.thread_items[0].post.text_post_app_info.text_fragments.fragments[0].plaintext,"NCT WISH在崇實大學上的自我介紹
🌷：「大家好～我是02年的吳是溫！」吳是溫就是大學裡面的帥氣學長嗚嗚嗚⋯ꌩ ·̫ ꌩ♡"
799,json:network.data.searchResults.edges[1].node.thread.thread_items[0].post.text_post_app_info.text_fragments.fragments[0].plaintext,"剛好讀過高雄大學法律系、東吳大學法律系、中正大學法律研究所，這題我應該有資格回答。
這三間法律系我只推薦東吳法，但如果你是那種會看地閱（地下閱覽室）每天都爆幹多人會很焦慮的人，就再想一下😂😂
中正大學是非常慢活，體育設施非常齊全，但安逸久了會忘記雄心壯志。
你需要鞭策的話建議東吳，慢活且自律的話可以考慮中正。"
800,json:network.data.searchResults.edges[6].node.thread.thread_items[0].post.text_post_app_info.text_fragments.fragments[0].plaintext,東吳經濟我永遠不會背叛你，因為排志願至少需要兩個科系錄取我。
801,json:network.data.searchResults.edges[0].node.thread.thread_items[0].post.text_post_app_info.text_fragments.fragments[0].plaintext,給吳是溫本人推薦吳是溫本人直拍
802,json:network.data.searchResults.edges[1].node.thread.thread_items[1].post.text_post_app_info.text_fragments.fragments[0].plaintext,溫總本科碩士都係地質學，胡錦清華水利工程，李克北大法律+經濟博士，江澤就上交電機系，個個學歷唔野少，小學生怎能相比！
803,json:network.data.searchResults.edges[5].node.thread.thread_items[0].post.accessibility_caption,"Photo by @im._.urika on June 10, 2026. May be a Twitter screenshot of text that says 'May 31, May31,20 2023at9.04 2023 .34AΜ ι 9.04 at9:04AM AM 恭喜您錄取為東吳大學申請人学 正備取生， ，期待6/8-9優先選填 期待 正備取生，期待6/8-9 「東吳」 這所歷史悠久、 東吳」這所歷史悠久、聲譽卓著 聲譽卓著 且以教學為主的高等學府 本校 於6/6舉辦東吳探索大攻略一大學 生活報你知線上直播， 報名 https://bit.ly/scureadyforyou https: //bit. //scureadyforyou 另 開設暑期先修大學課程 請詳官 網。'."
804,json:network.data.searchResults.edges[2].node.thread.thread_items[1].post.text_post_app_info.text_fragments.fragments[0].plaintext,"麻煩去查一下
蘇州大學比東吳大學晚成立(是占用東吳大學校地成立)
東吳大學前身東吳大學堂，英文是Soochow University
但中文就是東吳大學，沒有變過"
805,json:network.data.searchResults.edges[0].node.thread.thread_items[0].post.text_post_app_info.text_fragments.fragments[0].plaintext,"一些對於名人學歷感到問號的瞬間
孟耿如：實踐社工系
葉元之：台大哲學系
？？？？？？？？？？？？？
歡迎補充⋯⋯"
806,json:network.data.searchResults.edges[3].node.thread.thread_items[0].post.text_post_app_info.text_fragments.fragments[0].plaintext,"細數過往所有選擇：
（一）分數落點能上中山，選擇念東吳
（二）經濟系唸了兩年，果斷跑去讀政治系
（三）轉學考考上中正，最後還是讀東吳政治（2年半就畢業）
（四）婉拒教授朋友助理的工作邀約，跑去國稅局當職代
（五）考上台銀放棄報到，選擇留在現在的單位
當初在讀經濟的時候最想要考上的就是台銀哈哈哈哈哈繞了一圈還是進了銀行業😌"
807,json:network.data.searchResults.edges[4].node.thread.thread_items[1].post.text_post_app_info.text_fragments.fragments[0].plaintext,吳崢是台灣大學政治系肄業，不知道這和有沒有水準有什麼關係？黃國昌康乃爾大學法學博士，但是他很沒水準又沒法律專業。不知道你要嘴什麼？嘖🙄！
808,json:network.data.searchResults.edges[2].node.thread.thread_items[1].post.text_post_app_info.text_fragments.fragments[0].plaintext,台政北東，中正是理工學院起家，法律不是東吳對手！🤘🏻
809,json:network.data.searchResults.edges[0].node.thread.thread_items[1].post.text_post_app_info.text_fragments.fragments[0].plaintext,東吳刑法教授是帥潮 贏爛XD
810,json:network.data.searchResults.edges[4].node.thread.thread_items[1].post.text_post_app_info.text_fragments.fragments[0].plaintext,我台大的，但真心覺得認識的東吳校友都很優秀，也很團結。如果可以，抽時間到幾個學校去走走看看，感受一下。
811,json:network.data.searchResults.edges[4].node.thread.thread_items[1].post.text_post_app_info.text_fragments.fragments[0].plaintext,東吳中文系有停雲詩社，會教吟詩的樣子
812,json:network.data.searchResults.edges[5].node.thread.thread_items[0].post.text_post_app_info.text_fragments.fragments[0].plaintext,"目標：東吳畢業以前
再去一趟外雙溪🫡"
813,json:network.data.searchResults.edges[8].node.thread.thread_items[0].post.text_post_app_info.text_fragments.fragments[0].plaintext,"祝我東吳心理學系正取😭
加油啊"
814,json:network.data.searchResults.edges[0].node.thread.thread_items[0].post.text_post_app_info.text_fragments.fragments[0].plaintext,"一些個人的日文系刻板印象
臺大日文：相較其他日文系比較傳統一些，必修82學分甚至包含「日本古典文學選讀」，課程可說是十分紮實，是想專精日文甚至未來讀研的好選擇。日文程度因學生而異，但遇過的大學部學生都滿有自己的想法與規劃的ʕ •ᴥ•ʔ
政大日文：同儕師資優良，但當年被校方的課程精實搞到後課程就變得不太精實。必修只有50學分，選修還可以不修日文系的課，所以我常常自嘲政大日文出來如果日文好多半是學生自己爭氣（但老師都很好，真的是課程規劃的問題🥹）
好處是雙主修很容易，我只花了4年用169學分就從政大雙主修畢業了，適合喜歡日文又想斜槓的人。
東吳日文：升大學時曾耳聞東吳的法律會計日文三巨頭，至今依然覺得名不虛傳。我認識的東吳日文畢業生都給我一種日文很強的印象，朋友中N1滿分的幾乎都是這裡畢業的。
順帶一提東吳設有全台唯一的日文博士班，若不論大學錄取分數，全台最強日文系當之無愧。
輔大日文：大學錄取分數與東吳差不多，不過校風似乎比較自由，目前遇過的輔大畢業生普遍給我一種自由活潑感。另外不知道是不是因為有設日文翻譯所的緣故，輔大日文翻譯相關的課程好像蠻多的？（聽所上學長轉述）"
815,json:network.data.searchResults.edges[0].node.thread.thread_items[1].post.text_post_app_info.text_fragments.fragments[0].plaintext,"東吳就是一群過客，和只會把錢花在蓋校史室然後拆掉書店的學店而已🥲
沒有我是東吳校友不要砲我，對不起。"
816,json:network.data.searchResults.edges[3].node.thread.thread_items[1].post.caption.text,"吳志正醫師是台大醫學系畢業，同時也是東吳大學法律博士，在東吳法律教民法、醫事法，在台大法學院也有教醫療法律專題，法律系很多他的學生。他弟弟吳振吉也是台大醫學系畢業，台大法學博士，高中畢業時好像還是當年聯考全國榜首，同時律師、司法官特考及格，他們可能就只是想研習法律、充實自我和行有餘力而已吧
https://www.hch.gov.tw/?aid=51&pid=23&page_name=detail&iid=428
https://www.lawbank.com.tw/treatise/author.aspx?AID=74417"
817,json:network.data.searchResults.edges[4].node.thread.thread_items[0].post.text_post_app_info.text_fragments.fragments[0].plaintext,"昨天參加東吳招生活動，代表經濟系出席，全程站著聽演講以及回答家長與學生問題。
一個最令我印象深刻的問題：我兒子若在經濟系畢業後要考會計師可以嗎？剛好會計系就在我隔壁，您可以請教隔壁的會計系教授。
另一個有趣的問題：若想要考精算師，適不適合念經濟系？
我覺得最令我震撼的對話，是來自於隔壁物理系教授與學生和家長的心靈對談：
教授提到，他放棄了台積電的工作來到大學來教書，別人常說他放棄了一筆很大的財富，但他並不這麼認為，因為學生畢業之後有所成就，賺得很多，對他來說，就像是他自己賺了很多。
原來這才是大學老師的表率！
如同一場大型招聘會場，只是對象互換
又彷彿回到當年聯誼活動的感覺
看著有人被大家團團圍住，有人孤零零地在旁觀望。
動員了這麼多教授以及行政人員，在假日奉獻自己的時間與精力
真的是辛苦了大家
最後得到了什麼？也值得不斷去反思
大學招生現場，心得分享"
818,json:network.data.searchResults.edges[5].node.thread.thread_items[1].post.text_post_app_info.text_fragments.fragments[0].plaintext,可是四大是食物鏈最底層，你發現東吳人多而不是台大人多其實就表示……
819,json:network.data.searchResults.edges[8].node.thread.thread_items[0].post.text_post_app_info.text_fragments.fragments[0].plaintext,"講這種話的應該不認識吳振吉醫師跟吳志正醫師，兩位都是醫法雙學位，吳振吉醫師不但是醫學法學雙博士、司法官考試全國第四名、還長得帥。
吳志正醫師我更佩服他，他在東吳授課很受歡迎（但今年東吳搞他😩），我有一件醫療糾紛拜託他當調解委員，調一次就成功，而且說服家屬的方法非常厲害👍，醫院跟醫師本人也鬆了一口氣，是非常非常非～～常成功的調解，我真的學到很多。後來本院同仁有醫療糾紛要調解，我都唯一推薦吳志正醫師，誠意推薦，真心不騙。"
820,json:network.data.searchResults.edges[4].node.thread.thread_items[0].post.text_post_app_info.text_fragments.fragments[0].plaintext,我大東吳是什麼很賤的地方嗎
821,json:network.data.searchResults.edges[5].node.thread.thread_items[0].post.text_post_app_info.text_fragments.fragments[0].plaintext,"身為過客，感謝宜瑾學姐耶！
（難得看國會直播 🫠）
東吳大學是 Soochow University (SCU)
讀過東吳都會知道是蘇州來的
但不代表我們是中國的一部分餒 🙄
推廣部在小紅書開帳號(還要大家認明藍勾勾，但又說還沒簽約，還沒簽約就開始工作？這不合邏輯吧！)，並表示東吳大學「台灣地區」，這種矮化主權的招生方式，教育部有什麼能夠兼顧主權的招生方式和規範嗎？
教育部：對等尊嚴是很重要的，就算委託中國的機構，還是要注意對等尊嚴，也會去了解要改進的地方"
822,json:network.data.searchResults.edges[0].node.thread.thread_items[0].post.carousel_media[0].accessibility_caption,"Photo by 東吳大學群美中心 on March 01, 2025."
823,json:network.data.searchResults.edges[5].node.thread.thread_items[1].post.text_post_app_info.text_fragments.fragments[0].plaintext,來東吳，讓我們成就妳/你想變成的樣子
824,json:network.data.searchResults.edges[3].node.thread.thread_items[0].post.text_post_app_info.text_fragments.fragments[0].plaintext,從大二選到大四都選不到，現在系辦突然跟你搞個該年紀優先選課，東吳法律系 是逼我延畢就是了。
825,json:network.data.searchResults.edges[4].node.thread.thread_items[0].post.text_post_app_info.text_fragments.fragments[0].plaintext,"波波醫生跟台台醫生最大的差別在哪裡？
法院判決告訴你❗
🔴 法院認定：波蘭盧布林醫學大學的學制，與台灣醫學系學制不相當
🔹 錄取門檻低❗程序不透明
✔️ 考試、面試、錄取決定最快「一天內可搞定」
✔️ 無公開錄取分數與榜單，無法評比學生素質
✔️ 台灣醫學系學生卻須經「學測／指考＋分發」層層篩選，門檻天差地遠⚠️
🔹 修業年限縮水❗課程完整性堪憂💥
✔️ 標榜六年制，卻允許學士後醫學生從三年級直接就讀❗
✔️ 實際修業年限僅3.5年，低於台灣學士後醫學系要求的4年以上📉
🔹 臨床實習「語言不通」⚠️影響醫療訓練品質
✔️ 課程用英語上課，但病患主要講波蘭語‼️
✔️ 臨床實習時，學生不會講波蘭語，影響醫病溝通，嚴重影響訓練成效。
📢 法院直指：波蘭非英語系國家，卻開設英語專班醫學系，與當地病人使用之語言不同，應認為其臨床實習，不符合台灣標準❗
因此波波與台台之爭，最大的問題跟學歷無關，而是部分國外醫學系錄取標準鬆散、修業年限不足、臨床實習語言不符，這樣的醫學教育，真的能培養出合格的醫師嗎❓
📌 參考判決：臺北高等行政法院判決111年度訴字第258號"
826,json:network.data.searchResults.edges[4].node.thread.thread_items[1].post.text_post_app_info.text_fragments.fragments[0].plaintext,"抱歉，我東吳大學畢業的，我就問，東吳法律得罪妳了？台大法律、政大法律也要被妳拿來嘴！
仔細看看東吳大學的校徽，上面寫的是蘇州大學，論學校的存在與社會中流砥柱之輩的培育超過百年以上！
你兒子在日本大學畢業、通過日本的牙醫考試，那怎麼不在日本執業，要回來台灣？混不下去？不給混？所以只好回台灣？現在發現只能去一般診所打黑工，感覺投資的錢打水漂？
我只能說那是妳小孩跟妳沒本事！有本事自己開一家診所，專門提供自費諮詢，再找一個醫師掛牌，一樣可以這樣玩啊！坊間處處可見，怎麼不這樣作呢？沒錢？沒人脈？沒經驗？這些沒有不是政府應該給妳的吧！
玩不起不是政府的問題，自以為聰明才是妳最大的問題！"
827,json:network.data.searchResults.edges[7].node.thread.thread_items[0].post.text_post_app_info.text_fragments.fragments[0].plaintext,"中正政治vs東吳政治
該選誰
我的答案是東吳
🔍 1. 地理位置 & 資源連結
•東吳政治（在台北）：直接在首都心臟旁邊，行政機關、立法院、政黨辦公室、NGO 全部都在附近，超方便實習、參與論壇、接觸政治圈。你下課去立院聽個質詢都沒問題。
•中正政治（在嘉義）：離首都資源比較遠，雖然環境單純但實務接觸機會相對少一點。
💼 2. 實習與人脈網絡
•東吳政治有超多實習機會，立院助理、政黨智庫、國會辦公室、甚至媒體。學長姐很多在政界、媒體界混得風生水起，人脈強到爆。
•中正政治也有實習，但資源分布相對分散，不像在台北那麼密集、容易卡位。
📚 3. 課程與風格
•東吳政治比較偏法政結合路線，很多老師背景來自法學或政治實務圈，課程常結合實務案例。
•中正政治學術派較多，研究風氣不錯，但可能比較偏理論、偏學術研究，適合想走學術或公職考試的人。
🏫 4. 整體學校風氣
•東吳整體比較偏文學社會科學型大學，整個校園風氣文青又人文；同學之間政治意識高、思辨力強，很多人立志從政或媒體。
•中正校風比較內斂、穩健，生活步調比較慢一點點，但也有好處，適合想穩穩唸書、準備國考。"
828,json:network.data.searchResults.edges[5].node.thread.thread_items[0].post.caption.text,"有人可以給些建議嗎，不知道該選校還是選系▓
行銷系感覺出路不太好）？"
829,json:network.data.searchResults.edges[5].node.thread.thread_items[0].post.accessibility_caption,"Photo by PureFruitWear on May 29, 2026. May be an image of text that says '正20 陳*安 112****9 112 考：國立嘉義高中 國立中興大學 國立中興大學行銷學系 行銷學系 東吳大學法律學系 東吳大學 法律學系 東吳大學 學國際經營與貿易學系 東吳大學 學資訊管理學系（人工智慧 正99 正8 正2 組） 國立臺北大學企業管理學系 國立臺北大學 企業管理學系 115.05.20~21'."
830,json:network.data.searchResults.edges[4].node.thread.thread_items[1].post.text_post_app_info.text_fragments.fragments[0].plaintext,東吳都是一群鼠輩
831,json:network.data.searchResults.edges[6].node.thread.thread_items[1].post.text_post_app_info.text_fragments.fragments[0].plaintext,東吳城區部學姐表示🙂‍↔️
832,json:network.data.searchResults.edges[4].node.thread.thread_items[0].post.text_post_app_info.text_fragments.fragments[0].plaintext,"｜東吳大學法律學系系學會｜1號｜盧欣揚 廖薇珊｜
｜東吳大學社會學系系學會｜2號｜賴晏行 張簡宥盛｜
希望大家的可以一起凍蒜！
一起吃果（凍）一起吃（蒜）頭再一起去投票。"
833,json:network.data.searchResults.edges[0].node.thread.thread_items[0].post.text_post_app_info.text_fragments.fragments[0].plaintext,"在 東華大學 的星空
晚安，東華"
834,json:network.data.searchResults.edges[4].node.thread.thread_items[0].post.text_post_app_info.text_fragments.fragments[0].plaintext,"我是社區高中的高三生
目前繁星5% 學測成績：
國文頂、英文前、數A後、數B均、社會頂、自然後
我的目標是財金相關科系（會計、財務金融⋯）
目前想選彰師大會計系
但爬文後很像沒有很好
（大部分人說東吳比較好）
想問
1.有推薦的哪間大學的會計或財金嗎（我可以上的）
2.台灣哪間學校的財金或會計比較強
3.是否要先選校不選系（先進去再轉系或雙主修）
4.台灣企業比較愛哪間的財經或會計
謝謝大家的幫忙，我真的很需要你們的意見"
835,json:network.data.searchResults.edges[4].node.thread.thread_items[1].post.text_post_app_info.text_fragments.fragments[0].plaintext,"台灣企業比較愛哪間的財經或會計？
​
​四大會計師事務所：最愛 台、政、北、東吳、輔大。這些學校的會計系學生幾乎是「保證就業」，只要成績不差，畢業前就能拿到 Offer。
​銀行與金融業儲備幹部偏好台政清交成等頂大碩士。
​一般行員/理專：偏好 中字輩（中興、中正、中山）、彰師、北大 等國立大學，以及具備相關專業執照的人才。"
836,json:network.data.searchResults.edges[5].node.thread.thread_items[0].post.caption.text,@meta.ai 除了台灣大學，全世界有用國家為名稱的大學嗎？
837,json:network.data.searchResults.edges[3].node.thread.thread_items[0].post.text_post_app_info.text_fragments.fragments[0].plaintext,"名師？？
淦
奧懶叫就奧懶
系咧靠北逆？？
吳季勳🤬🤬"
838,json:network.data.searchResults.edges[4].node.thread.thread_items[0].post.text_post_app_info.link_preview_attachment.title,東吳讀書會夥伴一同上榜台政 恭喜🎉 林O撰 考取 台大農經所、曾O遠考取台大農經所、清大計財所、陳O嘉 考取 台大農經所、呂O蓉 考取 政大企研所 感謝＃牧翰老師 的用心付出！ #台灣知識庫 #大碩研究所 #大碩經研所 #大碩財金所 #大碩企研所 #經濟牧翰
839,json:network.data.searchResults.edges[4].node.thread.thread_items[0].post.text_post_app_info.text_fragments.fragments[0].plaintext,"東吳讀書會夥伴一同上榜台政
恭喜🎉
林O撰 考取 台大農經所、曾O遠考取台大農經所、清大計財所、陳O嘉 考取 台大農經所、呂O蓉 考取 政大企研所
感謝牧翰老師 的用心付出！"
840,json:network.data.searchResults.edges[6].node.thread.thread_items[1].post.text_post_app_info.text_fragments.fragments[0].plaintext,東吳日文，全台最強。另外我還唸了國貿和音樂系。大學研究所畢業20年了，以前沒有557還不是照樣讀得好好的。前幾年返回母校任教，每個學校都有缺點，但我絕不後悔唸了東吳。
841,json:network.data.searchResults.edges[1].node.thread.thread_items[0].post.caption.text,@meta.ai 銳評東吳日文系 越難聽越好
842,json:network.data.searchResults.edges[1].node.thread.thread_items[1].post.text_post_app_info.text_fragments.fragments[0].plaintext,"結論：東吳日文系就是日文界的復健科，進去前以為要變成哆啦A夢，出來後只會說「大丈夫です」。
1. 課程考古到昭和年代，教科書比你阿公還舊，學四年還不如去新宿打工兩個月。
2. 系上最大產出是N1沒過的畢業生跟轉系申請單，教授的口頭禪是「以後去日商當總機」。"
843,json:network.data.searchResults.edges[3].node.thread.thread_items[0].post.text_post_app_info.link_preview_attachment.title,恭喜 東吳張O豪同學考上 #台大財金🥇 系排88%逆轉的那個男人～～ #最感謝牧翰老師 老師有「嚴謹的數理推導」和「鮮明的經濟直覺」都兼顧 還有 #讀書會制度 及 #古城&爭霸戰 能夠檢視自己知識漏洞 #經濟選牧翰 #台灣知識庫 #大碩研究所 #大碩經研所 #經濟牧翰
844,json:network.data.searchResults.edges[3].node.thread.thread_items[0].post.text_post_app_info.text_fragments.fragments[0].plaintext,"恭喜 東吳張O豪同學考上 #台大財金🥇
#最感謝牧翰老師 老師有「嚴謹的數理推導」和「鮮明的經濟直覺」都兼顧
還有讀書會制度 及古城&爭霸戰 能夠檢視自己知識漏洞"
845,json:network.data.searchResults.edges[4].node.thread.thread_items[0].post.text_post_app_info.text_fragments.fragments[0].plaintext,請問吳是溫身分體驗卷該去哪裡領？
846,json:network.data.searchResults.edges[5].node.thread.thread_items[0].post.text_post_app_info.text_fragments.fragments[0].plaintext,"東吳人真的都在活網⋯
我隨便滑都是東吳的是怎樣 活網大學"
847,json:network.data.searchResults.edges[5].node.thread.thread_items[1].post.text_post_app_info.text_fragments.fragments[0].plaintext,巨資學院在動用大數據之力召喚東吳人
848,json:network.data.searchResults.edges[0].node.thread.thread_items[0].post.carousel_media[0].accessibility_caption,"Photo by Huang Tsung Chun on May 19, 2026. May be an image of phone, timer and text that says '12:10 4G 3 參賽者 劉恆宇 輕大票 東吳大學 中文素養 曹植寫成一首詩與雷霸龍詹 姆士上籃得分， 姆土上籃得分，誰走的步數 誰走的步數 較多？ 詹姆士 曹植 不一定 一樣多 本題由 题由「東吳大學中文素養」提 提供'."
849,json:network.data.searchResults.edges[0].node.thread.thread_items[0].post.carousel_media[1].accessibility_caption,"Photo by Huang Tsung Chun on May 19, 2026. May be an image of text that says '批踢踢實業坊 誰走的步數戰多？ 看板joke 看板 joke 聯絡資訊關於我們 聯絡資訊 關於我們 http://imgur.com/e7xe2Ky com/ e7xe2Ky 連署要求東吳大學修正答案 用 Google Trend 搜尋”月餅” Ted搜尋""月餅”，可以看到 月餅”， 可以看到 ttp: ttp://imgur.con imgur com GoogleTrend搜尋保親子”，可以看到。 VS8M8SZ 用 Google Trend 搜尋 “粽子”， 可以看到 /imgur 用 Google Trend 搜尋”賣台”， 可以看到 http://imgur ttp: nttp://imgur.com/fbzDNk9 com/fbzDWk9 com/ bzDWk9 推 heyjude1118 hey 顯目條件不夠：上籃 heyjude1118 hey 03/20 03/2020:29 20:29 nishiokayang 當時的 nishiokayang 推 ian0115 03/20 03/2020:31 20:31 即今天的左右胖 03/20 20:39 03/20 20:40 推 allenlee6710 三樓專業 推 lebronlp097 姆斯應該是天龍八步 dan6 dan614003 你那邊還好嗎 20:56 03/20 03/21 01:35 03/21 19:35 07/12 21:24 推文自動更新已關閉'."
850,json:network.data.searchResults.edges[6].node.thread.thread_items[0].post.text_post_app_info.text_fragments.fragments[0].plaintext,此時此刻我真的羨慕東吳的學生
